hpx6,n_stars,avg_parallax
28908,554319,0.19512777652671245
28909,213749,0.15968529197217043
4358,2900,1.0691975180712616
4361,3240,1.010968238294322
4307,3813,0.9476881834469004
4296,4883,0.9194899417559932
4302,4324,0.9404089702611722
4321,4784,0.9028620377878338
4343,3780,1.00644594812428
4331,4895,0.916175758309392
4409,3110,0.9550355958046799
4359,2965,1.0432813462429364
4290,4609,0.8777750109677656
4356,3006,1.0604282114801504
4342,3722,0.943236823840912
4426,2716,0.9433031239352319
4396,3359,1.039113497816292
4346,4597,0.9172893401918557
4292,4365,0.9251986717208843
4441,2659,1.033379851998577
4366,3139,1.0540328171020312
4317,3658,0.9393961425665162
4398,3160,0.9974737250881702
4349,3812,0.9277836010866624
4350,4293,0.9705305390323888
4308,3698,0.9956887854466843
4373,2600,0.9628725672786556
4397,3215,1.039244153592409
4368,2830,1.079491665182308
4335,4511,0.9356118033290307
4410,3188,0.9891532614217151
4355,3198,1.048031504246848
4432,2715,1.0383802419364085
4372,2681,1.0371942011248176
4446,2496,0.9946666557119108
4401,2870,1.0430878501599452
4400,3088,1.0134998204388062
4390,3307,1.072750004779325
4309,3553,0.9728860656768192
4382,2859,0.9975639165597738
4310,3621,0.9539267214366489
4393,3337,1.0663730017809738
4381,2827,1.0183802575835734
4415,2962,1.0188898027909792
4374,2739,1.0091581496263897
4314,3941,0.9618530262374231
4365,2922,1.064998629979944
4364,3091,1.0023633209936131
4386,3350,1.0498065898078588
4433,2610,0.9811006797894499
4330,5314,0.894639525921787
4443,2724,1.0057405156449957
4375,2708,1.0637163628760293
4347,4597,0.9767341905951242
4337,3819,0.9287738443202982
4387,3177,1.0451859451074255
4438,2626,1.01577506743545
4394,3559,0.9983192032609498
4352,3260,1.0300640985926444
4363,3326,1.0031326261719824
4427,2637,1.037337076334892
4351,3890,0.930464924868605
4449,1935,1.0562236883358334
4327,4524,0.9451926220511466
4299,4733,0.9626038658634459
4320,5088,0.9308246529369301
4362,3541,1.0564347973405168
4371,2796,1.00136952094445
4300,4160,0.8975404536693169
4377,2866,1.0143724700173953
4413,3027,0.9593116832872709
4407,2870,1.0622335645518088
4402,3071,1.0455311389864395
4412,3050,1.0738009260783572
4340,3926,0.9330281838151331
4434,2529,0.987282255620199
4380,2911,1.019139060979084
4447,2566,1.099772777283972
4316,3777,0.9547987750272432
4291,4290,0.950196620496853
4405,2888,0.9912659196539392
4336,4005,0.9471510281496578
4448,2719,1.0249850691841533
4416,2716,1.0237852152274711
4424,2781,1.0263653496199097
4440,2579,0.957391543652629
4323,5036,0.8806588751549155
4429,2797,1.0255321802645159
4392,3288,0.9274076659213336
4430,2634,1.0267108292923712
4418,2718,0.9660194182099374
4328,5274,0.8930642846899468
4334,4636,0.9004275678739336
4431,2767,1.0758043037045422
4303,4099,0.9167230420765257
4420,2720,1.0718105740293842
4329,4816,0.9282332738357777
4333,4614,0.9662999646643202
4439,2440,0.9634483272134745
4391,3196,1.0383667363671714
4444,2574,1.146201700411055
4408,3006,1.0027277607152603
4406,3007,1.0028652140202412
4354,3300,0.9667339662150215
4319,3661,0.9953163267759131
4436,2538,0.9911041573890794
4293,3894,0.9534549582256211
4357,2953,1.0016088145095254
4417,2756,0.944470202671046
4318,3796,0.9379724854506171
4411,2968,0.978451096325665
4445,2453,0.9855503136996469
4315,3828,1.0362954214156002
4389,2968,1.0372585863271948
4421,2533,1.0059368506461384
4383,2898,1.0509760487275945
4376,2956,1.0199030830849973
4385,3241,0.9881553843524763
4425,2641,1.0090339486769493
4348,3992,0.9221291143553715
4399,3157,0.9966399983408323
4297,4473,0.9343670333016854
4322,5058,0.8828242060708472
4332,4698,0.9481306966079206
4326,4667,0.9379651229137005
4369,2803,1.0411169635501525
4360,3161,1.0858954472652935
4428,2789,1.0143773735516053
4338,4322,0.9371740146803648
4325,4210,0.8701918201858724
4344,4611,0.9622062427000198
4298,6343,0.9823844766168166
4419,2670,0.9587146771897006
4345,4086,0.9128100874740211
4379,2841,1.023571672943226
4311,3631,1.0425511082433798
4370,2805,1.045740481678932
4306,3874,0.9578455527439
4324,4536,0.9087487911415391
4295,4119,0.9350375999551511
4339,3953,0.9585162864562116
4442,2697,1.0196708697886951
4304,4032,0.8962865352193562
4353,2948,1.0315480665778511
4294,4114,0.9603512524197645
4301,4103,0.9125182767820655
4312,3983,0.955867776921369
4414,3081,1.0159620398974218
4305,3937,0.9325053670299978
4437,2463,1.0508899075594533
4313,3903,0.9465254147748675
4435,2651,1.020720074169425
4395,3356,1.0291323966831138
4384,3356,1.0494000375726664
4289,2979,0.9787417788383912
4367,3038,1.085403024214686
4403,3023,1.038125666422917
4422,2748,1.0196198603701674
4404,2796,1.0559687912135691
4423,2700,1.0275893374761595
4378,2970,1.0487802540184028
4341,3864,0.9730568448283456
4388,3131,1.0638090227851689
43961,7935,0.6854215058995402
43976,9163,0.6766669581783096
43987,8252,0.693052088930897
44002,6035,0.6947650896044393
43949,8609,0.6799564214882489
43957,8507,0.6759105311053892
43963,7740,0.7444535255619614
43991,7993,0.6848928891599702
43946,9638,0.6631535626845341
43975,8898,0.6559775998172921
43953,8748,0.6934472741888019
43988,8770,0.647833884803386
43970,9873,0.650884843730446
43980,8862,0.6503339275778132
43986,8601,0.6740298451292684
43965,7645,0.6853408255762631
43959,8032,0.7002345116038792
43979,8559,0.6316363500983136
43947,8975,0.6830269161057911
43997,7847,0.7102454094613281
43982,8240,0.6742762883646385
43950,8983,0.6704127900856176
43966,7418,0.7159193195329893
43989,8415,0.6602347266261493
43971,9658,0.6444059386145481
43942,9238,0.6522312749735435
43977,9180,0.6626687377296312
43996,7844,0.668057501013835
43948,8840,0.6566764076048175
43999,7316,0.7230307602109126
43993,8038,0.6910018378838791
43995,7476,0.7278422350755918
43945,9365,0.6578323372510144
43990,8276,0.686140596468237
43983,8306,0.6710577620824603
43967,7251,0.7072979927395666
43951,8292,0.669248303074847
43978,9003,0.666304103937456
43985,8713,0.6894697271318271
43973,9164,0.6518170143587807
43969,9996,0.6694208887767565
43984,9067,0.6603104806621907
43974,9499,0.6631749621208022
43940,5857,0.6295792210645671
43958,8094,0.6793465328424466
43955,8541,0.687749782033571
43954,8598,0.6682394211027037
43964,7539,0.6738211295644732
43944,10088,0.6654519551512861
43992,8465,0.6589183168778472
43956,8587,0.6849937656281988
43943,8795,0.6681066013785929
43998,7538,0.710350297643715
43968,10254,0.6438158622856578
43994,8148,0.6947559661843964
43960,8406,0.6843820189554297
43962,8108,0.6811020845094059
43981,8642,0.6879089130441023
44001,8226,0.664915912486372
44000,8306,0.6764553080027363
43941,9191,0.6563417557172245
43972,9369,0.6699501978390586
43952,9010,0.664583786659844
23785,28687,0.43453425805121115
23781,34802,0.3962720574331087
23794,39454,0.4152054679552927
23795,32186,0.4693340567418745
23784,24258,0.479928916349968
23790,33461,0.42244097144079135
23797,11365,0.5847065450658119
23786,24709,0.47958189602499535
23792,37615,0.42765126940983583
23796,25161,0.5170557820872621
23791,35142,0.41916608201784084
23782,35026,0.4258190061725381
23787,29021,0.4496723451175105
23783,37726,0.42157054512259345
23789,36850,0.4170522852306725
23793,32286,0.4625654576930905
23788,32717,0.42257889805340393
29250,645120,0.2004302943005824
32939,7935,0.6376754528111422
32893,9159,0.5687809918358113
32949,6709,0.678970750722445
32943,13531,0.371433081599812
32922,7786,0.6442605401514824
32938,7388,0.7010774834053062
32913,7527,0.6978571260069442
32889,7966,0.665786196872837
32934,7623,0.6526338629522154
32932,7440,0.7095734784834457
32951,11261,0.42465815917728156
32898,8321,0.7166540119994778
32897,8644,0.7044412799424742
32935,8531,0.5818419360130805
32928,8081,0.7338478351597545
32937,7549,0.6847075362262535
32941,9669,0.4926500303814145
32920,7549,0.7207660889909238
32887,6088,0.4512119756393741
32933,7870,0.627399970134601
32919,6753,0.7422168625395558
32896,8634,0.7100128250477404
32942,9575,0.5243216467351246
32909,7640,0.7097959599023272
32952,671,0.5806782371512653
32904,8346,0.716408940061841
32911,7682,0.7043241368038111
32917,7026,0.7530018195776551
32946,9381,0.5290041109211427
32894,6940,0.6886770802017123
32924,7121,0.7179210576955294
32936,7323,0.7405075769914489
32921,7432,0.7107055429573094
32929,7772,0.6905198615874572
32906,8535,0.6779623411116074
32923,8141,0.627450592160969
32891,6673,0.7149700998364836
32912,7646,0.7118833162854709
32950,8925,0.5312922128244005
32947,10089,0.4933088643296913
32940,8510,0.6041040615915486
32915,7382,0.7385847813669034
32905,8041,0.6894266288606111
32899,8188,0.6870100498925479
32900,8337,0.7135585355154359
32927,6663,0.7212301131242839
32888,7683,0.6593956731801247
32925,6690,0.7482893949390101
32907,8017,0.7108856153133928
32948,7954,0.6157109173377376
32895,7248,0.6330456150495901
32918,7063,0.7158883076217231
32890,6948,0.7394887648104951
32902,8006,0.6937807609866882
32945,8696,0.5823005127025649
32910,7789,0.705902066985109
32901,7958,0.7313254441375996
32916,7284,0.7032696106245286
32931,7481,0.7149214552516452
32944,8280,0.5808306656222086
32903,7878,0.7062135611015201
32930,7900,0.7122778864433936
32892,7934,0.6318479245346775
32914,7408,0.7112023559546021
32908,7783,0.6960895872199143
32926,7056,0.7103177520517101
20912,20643,0.4746380951540596
20921,20316,0.4926582830724947
20916,24386,0.44536701091630077
20918,23226,0.485310602377833
20909,17648,0.5119348521496462
20915,21113,0.48120401290993614
20928,35450,0.4203474869206011
20919,26227,0.44528818123672115
20926,21276,0.503453165812661
20922,17671,0.5146120112579862
20920,18988,0.505166834084561
20929,29787,0.40584067118182876
20925,25102,0.45765173135049214
20908,16421,0.5245143401098411
20924,22300,0.49847662674603643
20927,23289,0.47633333098495845
20917,26883,0.43242836830346343
20907,13721,0.5744679985460345
20913,22765,0.476867017213498
20910,14993,0.5384056565872438
20914,19874,0.4982975552349567
20905,6478,0.5835222909101824
20911,16172,0.5173679687892736
20923,19147,0.5247123998439186
20906,13630,0.587413489617364
15365,129270,0.324270247823689
15364,65647,0.3422975292916933
15366,161875,0.30880899098506637
15367,165752,0.29980205958088385
13846,25112,0.5578490706930597
13841,21688,0.5883721523641621
13845,21803,0.5844331627412187
13856,21221,0.5186251542726897
13849,26787,0.5499949485226391
13847,25725,0.5580241548714187
13838,29859,0.5202343616882068
13843,24010,0.5701058558632152
13842,24786,0.5510614527853742
13852,28336,0.5334077444204213
13839,30042,0.5101495410284073
13844,21341,0.5884494471029647
13853,28735,0.5292772987465997
13851,28949,0.518768475134327
13837,18361,0.5381696648789702
13854,29806,0.5140312329066757
13848,26233,0.5493132999428662
13850,29848,0.5179506484931015
13855,28255,0.5255652552657276
13840,22257,0.5793132847419682
38414,30270,0.28952544508940353
38417,104984,0.2975887937609049
38415,114955,0.3005636286691691
38416,122509,0.29120511688051803
38419,35942,0.3152625061991604
38418,105034,0.29212618894360637
37677,54821,0.35826012412481023
37681,88160,0.307931351841925
37682,71414,0.33772364194159255
37679,62790,0.34906444822369753
37680,74780,0.33405589533561925
37683,87875,0.30772060822492686
37684,19413,0.30816158782928865
37678,52563,0.3821479479229106
37926,277587,0.27787620016775444
37925,72397,0.2270830619610415
37927,173859,0.2597572233650516
47786,230834,0.23336489379018527
47785,278229,0.25048630526464044
47784,38157,0.2462922872839626
37339,45909,0.3298714398635203
37340,253226,0.26134251581256496
37342,13603,0.31910866467097776
37341,203971,0.29211602732464265
41697,156959,0.32064054936738984
41699,173154,0.3215612064276057
41698,190447,0.3729831744774756
43140,27412,0.25216897537576655
43137,70580,0.255970583076227
43138,218154,0.2621474726197901
43139,203597,0.25512089984998765
48803,40052,0.4326102301052781
48798,24699,0.48923169865092675
48793,23636,0.5091566979926178
48804,35483,0.4456459829700676
48800,39056,0.4318105178193705
48792,12762,0.49162813332495814
48796,22556,0.5136359050851906
48797,23244,0.513748807306947
48805,32462,0.4489783272330956
48802,43289,0.41515656569189524
48806,39216,0.4339223991243186
48799,24721,0.5005235778492343
48801,37029,0.4470667348576397
48795,25618,0.48703821970568745
48794,27549,0.4807779064307458
48808,20625,0.3926706373552401
48807,36717,0.4381828274304559
29727,47411,0.42121123880280903
29729,89768,0.3512475825969321
29731,38091,0.33153974086076554
29726,52206,0.3986924919373395
29725,44011,0.41407842099404923
29728,98174,0.33477502995232716
29724,32989,0.3987505663822558
29730,114302,0.32689006642651736
32099,148831,0.3082489927255195
32097,117800,0.3183206551310085
32100,107109,0.2794167432638866
32098,140091,0.3246272447538494
33147,8674,0.5187269017448195
33139,47244,0.10665837483464632
33151,7042,0.6833650119916336
33150,7521,0.6038877662895841
33144,27099,0.1914530260093811
33137,86378,0.02587326501257729
33145,19507,0.2510436642709198
33140,74253,0.057923770802644804
33143,23261,0.22011115487294733
33153,5779,0.6581676525401406
33149,9161,0.5213710667897171
33141,55662,0.0869648117157731
33148,12989,0.37388267710902895
33142,36294,0.1341305415822884
33146,10388,0.4689292595412983
33138,83528,0.05893547239016007
33152,6765,0.6723960866525753
41649,332911,0.21418054072220777
41648,195737,0.20692133728182907
41630,531470,0.21508510632597871
14360,336477,0.24784630215091036
14359,182239,0.3352367241130373
28959,88927,0.2690174840956149
28960,474830,0.21326117965093602
42535,170001,0.2892031067613206
42536,257132,0.2813697785701828
42537,85982,0.28621768981963897
42366,217060,0.22059136847946556
42367,332856,0.21642299391793046
30684,172218,0.2734882404342194
30683,230253,0.30615032713867707
30682,100445,0.3036673631430295
28738,226458,0.18018871478743043
28739,321454,0.2088302188003783
30527,266157,0.2921070544184667
30526,132995,0.27021053428843883
30528,96347,0.3704827230064415
30529,10898,0.3939952783226545
42570,156787,0.32496046288348107
42572,140913,0.30882225484158304
42571,204613,0.3109493833273704
42833,391445,0.20305264964195993
42832,170382,0.21728426679142857
28817,492697,0.19552646523109185
28816,172858,0.2730332949311684
42314,257270,0.2600383201718363
42315,343681,0.2622307391000338
46672,4649,0.8234728799162503
46720,7082,0.7423987071889727
46647,5678,0.7639588555435675
46711,4589,0.8656166854426394
46662,4910,0.853482254977111
46689,5314,0.7519966108343811
46704,5210,0.7935991691764845
46717,4789,0.8724921885050165
46660,4750,0.8252833248448563
46705,4861,0.8437816460994076
46698,5790,0.8263683268948815
46707,5097,0.8217348497636047
46682,4975,0.837927979560027
46656,4934,0.8447552183870545
46657,4939,0.827623858308749
46644,5794,0.8075708900205233
46635,6506,0.7463432683481448
46684,4675,0.8605007327814638
46722,7262,0.7443655814123852
46666,5164,0.8259047898620295
46638,6542,0.7141929261900435
46699,5446,0.7873778518715714
46661,4568,0.8180199199209958
46685,4402,0.8151904357299009
46629,6148,0.8099664228801328
46703,5572,0.8192496154559189
46633,6521,0.7224925046771341
46706,5373,0.808846974465543
46674,4782,0.8631741654747478
46626,5336,0.7721764153138333
46710,5047,0.8272491134019064
46694,5336,0.7784368465795605
46640,6271,0.8007766166624795
46701,5454,0.8324096404637406
46654,5945,0.7860256809124421
46695,5389,0.805068504992782
46628,6257,0.7899289937985265
46713,5045,0.8197721395463238
46702,5495,0.8318645450419162
46688,5341,0.8243939773653127
46716,4966,0.7778948310489225
46697,5573,0.8048212240394749
46631,6146,0.767353399617406
46668,4834,0.8100896194892269
46721,6853,0.7649152190362197
46643,6414,0.779417538134835
46646,5779,0.8036635686845252
46676,4619,0.8596466843653702
46648,6408,0.7094177333810101
46673,4601,0.8318918571641443
46651,6636,0.771916190310746
46714,5228,0.7913671189990532
46664,5114,0.8480906285718526
46718,4962,0.8672485074541079
46700,5394,0.7993981787519693
46634,6867,0.7319823630136778
46677,4470,0.8453338286251956
46681,5060,0.8566663184911409
46671,4943,0.8471654205926185
46658,4987,0.8403460224969518
46719,4964,0.8117437571237278
46637,6206,0.7292234586082748
46690,5639,0.8530784026733768
46665,4966,0.8173752523362984
46696,5627,0.7920279614446973
46630,6389,0.7733524528236908
46715,5054,0.8010027093715788
46659,5044,0.819283562993827
46712,5457,0.8086322032999725
46639,6709,0.7515305783812282
46708,4935,0.8052461673277541
46678,4712,0.8573404950348419
46680,4900,0.8750929436290573
46632,6600,0.7804377297228401
46675,4930,0.8370266574787404
46663,4817,0.8754260059226817
46652,6183,0.783776656605074
46649,6247,0.7630763223344866
46693,5107,0.770157013468626
46692,5151,0.7987768630883616
46679,4388,0.8623580978142178
46642,6388,0.7714203382429176
46670,5102,0.8298769116542827
46709,4621,0.870460819628992
46723,6937,0.7164058059529915
46667,5147,0.8208204580732725
46636,6507,0.7414826003901709
46687,4754,0.8198180051014788
46653,5852,0.7890363750440558
46627,6328,0.7656392278849585
46655,5674,0.7765742348180863
46683,4959,0.8582036315139412
46650,6410,0.7596718592795221
46669,4862,0.8421773857866249
46641,6190,0.7496187038924188
46645,5464,0.8171580890505842
46686,4640,0.8357305494691921
46691,5407,0.8053877215990075
24385,22585,0.44259637242587624
24372,28916,0.40611235102653176
24376,33308,0.4683669242482774
24375,43945,0.39382569683164226
24384,32403,0.43703747205481297
24378,28764,0.5027383177053997
24374,43717,0.40275526411161294
24373,39038,0.41327703553577555
24379,43224,0.39413725887032564
24380,43712,0.39940475400232384
24381,44118,0.4039377694419878
24377,41519,0.41616203166368165
24382,44578,0.3939061648669186
24383,44239,0.40043515746501046
40185,16568,0.5559361732175092
40198,11693,0.6441274819588155
40190,14582,0.6090907454397794
40179,14847,0.6075716337737755
40183,13330,0.6220320801025659
40193,13155,0.6030776196037363
40177,14637,0.5817305093510211
40187,16084,0.576693415886848
40192,14056,0.5770664476459798
40200,12502,0.5971534067131687
40189,13589,0.6220047915104543
40172,22574,0.4978524001798348
40178,18603,0.5623751431300557
40181,13545,0.6076983500816932
40171,26824,0.47320375461927894
40182,13604,0.5836147371664113
40174,23299,0.49410072667792
40180,13994,0.6101854549363377
40175,19989,0.510140282531326
40170,30700,0.4580821453140186
40196,12016,0.6304590621143598
40195,13024,0.610346939942405
40199,10745,0.685525698049656
40186,17961,0.5479139223570791
40194,14180,0.5796661222252775
40191,13330,0.6206921130968577
40197,10950,0.6710502951861139
40176,17808,0.5393022312768544
40169,16212,0.45649621250843
40173,20088,0.5309758212738401
40184,18162,0.5580459263356143
40188,13915,0.602484115002343
31028,27075,0.48587994921635513
31037,30695,0.42834277276276395
31031,32978,0.443848596401099
31033,25655,0.4546321874764778
31021,26106,0.4392523790237151
31034,24695,0.45741572440717854
31019,4073,0.4126496855332885
31029,32507,0.4497419856440454
31038,25395,0.47215522081977424
31026,27081,0.46080672653067034
31030,24163,0.5071963814806401
31032,27500,0.44689256969489993
31023,25128,0.4669928872515645
31020,24855,0.45833872936304093
31022,25852,0.4534365971681357
31035,24951,0.4831713077670026
31039,24299,0.4774925492980569
31036,25508,0.46240277540189356
31025,21602,0.5214130525720041
31024,27819,0.47047331824251726
31027,22257,0.502193774613446
15446,68364,0.399616412129274
15452,6154,0.37456545732327523
15451,95151,0.3532507602124743
15448,109909,0.3509182492956094
15449,96373,0.37076827031976667
15450,79110,0.3682582465064287
15447,65991,0.43714003298654086
32415,10901,0.6502615312441353
32418,8492,0.6401413789894931
32433,9965,0.6330680920519542
32428,8726,0.6749838270372153
32422,8947,0.6713733667358135
32410,10344,0.6249336733598552
32403,11577,0.6045314845812362
32421,9920,0.6472972022497037
32424,8222,0.687335771876525
32452,14287,0.5847442014684253
32427,7876,0.677745376622511
32440,8984,0.6252779788302211
32447,9048,0.6560391098992668
32430,8315,0.6754043885143979
32434,9338,0.633025589029845
32411,10488,0.6345645235226459
32445,9573,0.6506981551485236
32439,10025,0.6230452062971823
32441,9130,0.6544090713234817
32414,10928,0.6428892136056252
32438,9661,0.6425855720001382
32429,9029,0.6978571548837116
32402,9457,0.6346966194634167
32448,13854,0.5805829263566858
32412,11431,0.609670304569963
32423,9409,0.6630660362567586
32431,8647,0.7059223752753362
32442,8465,0.6578946497487387
32425,8266,0.7060390779623652
32437,10517,0.6237362812608253
32435,9611,0.6350407567721604
32406,12201,0.6083147065982888
32413,11991,0.6122173072053589
32416,9122,0.6416128443648282
32450,12825,0.6102424798969573
32446,9045,0.6785242179380727
32404,13189,0.5748529377438564
32405,13708,0.586583615561169
32407,12711,0.605203980601138
32419,8717,0.6515421339020964
32451,13263,0.5935471976602875
32408,10953,0.6078762414574206
32409,11033,0.6366357887130228
32432,10006,0.6297852449292157
32420,9113,0.6551364546040028
32417,9124,0.6272985578226942
32444,9138,0.6694929975191155
32426,7893,0.6911870665151553
32443,8826,0.6575598397798578
32436,10116,0.6629352946781282
32449,14068,0.6002966908695787
2987,48212,0.42563629969366756
2995,47138,0.42145120765336047
2996,27284,0.4147019233181021
2989,46276,0.4233607197542658
2994,44547,0.438061140443762
2991,53788,0.409660372156446
2990,51033,0.41294005554149954
2993,46365,0.4320395136563755
2988,43643,0.4454998239850603
2992,41747,0.45434716961025207
2985,13726,0.45305102368573835
2986,43347,0.44753367046422055
39337,42545,0.37482137265439736
39340,53966,0.34517547251528696
39335,61585,0.33280838530532686
39339,38868,0.3863066592157907
39333,64965,0.32763351987627554
39341,52560,0.3524445781656299
39332,32198,0.34341168260761346
39342,39153,0.37481058391048233
39334,55250,0.3363782099346537
39338,36654,0.39811963696562325
39336,35062,0.4091636652129147
31862,88231,0.3445315758353372
31860,6108,0.3363589088604586
31861,103042,0.3269022624594249
31863,89593,0.3375249449845323
31864,70491,0.3683929472890505
31866,61445,0.3728463828173643
31867,29517,0.3705661020436868
31865,72259,0.36365159922947027
15571,46193,0.4025510057112089
15561,17540,0.39523257227208786
15568,75293,0.352462110438083
15563,44737,0.4188279804601693
15565,50946,0.3908495449384977
15566,40408,0.4248839763909833
15562,46007,0.41133281928959997
15567,33673,0.477983066056319
15569,52953,0.40253277831617296
15564,41057,0.4271856068726275
15570,61574,0.37777149364552587
13995,61980,0.3500171084613499
13998,126966,0.32982758889839675
13997,114068,0.33271696755929214
13999,111185,0.3145150937114522
13996,98656,0.35124691713405554
1983,19715,0.4984190268948164
1976,39075,0.40483268145470636
1971,33534,0.42892694673411863
1969,33584,0.4297244270449344
1975,23273,0.4885952781237395
1968,30506,0.44748923604187274
1981,23409,0.5013595795720328
1970,36467,0.4208834504484676
1982,29736,0.4532597835027088
1974,28241,0.4575970557033233
1967,13358,0.4327009181895897
1973,27165,0.4648613560827866
1980,29399,0.4592821777480161
1978,38761,0.42181739677094204
1972,31332,0.43908065710014144
1979,33320,0.43504229681692247
1977,35157,0.4253126761016972
13022,29202,0.33884975464527717
13026,26015,0.2836206811345545
13023,112065,0.34209115690958064
13024,206340,0.27840846095982863
13025,145704,0.321281239011699
39756,6567,0.3808226413503427
39749,84128,0.3300897753713567
39752,46052,0.4292962479643478
39755,66008,0.35733118669506037
39753,49859,0.41100915959247386
39751,84685,0.33427343003636484
39748,39297,0.33663317967824113
39750,72993,0.3507524237419988
39754,57743,0.3848630684178699
47867,275199,0.22990898643398874
47869,11982,0.2468113801893458
47868,213159,0.24085093110956482
47866,39920,0.22288578738366835
48031,61755,0.35187950165842896
48027,78935,0.31342009989500974
48026,52951,0.3191770470582754
48028,63666,0.34299339016279656
48029,57287,0.36828230134536166
48030,67466,0.33386549916738295
48032,140258,0.26889980650575696
29899,111010,0.332651002943456
29902,95242,0.34766599526241765
29900,83116,0.3630129449244551
29901,75657,0.3731672986178931
29898,123143,0.32720088819114734
29903,9822,0.3862045449403411
29897,18029,0.36651657069539717
41670,114808,0.30299053052027963
41669,343014,0.2939919910127326
41668,63736,0.26122421675221286
37239,138933,0.30474057337570354
37237,117910,0.28941616660466735
37238,251633,0.24941026154412307
12947,18780,0.32651965779051123
12949,115995,0.33964427227787714
12948,121522,0.33744587903396084
12951,102471,0.3343835623609353
12950,144306,0.3216184507714605
12976,36916,0.24625416671546363
12977,287331,0.2622826056432953
12978,187911,0.2625592998230238
42935,45892,0.38661552872081933
42942,46144,0.40096412193109926
42938,43091,0.40906790783991853
42934,48357,0.37656705515035777
42943,45684,0.39868776603209044
42937,48551,0.3985668803316525
42941,47109,0.38944473429059134
42933,24408,0.40043339866046046
42936,49786,0.41021826446212845
42940,50001,0.3853026555600517
42944,13595,0.2727079442323361
42939,44058,0.41248020943134844
41564,121671,0.22113751701773124
41566,25027,0.23134901940155558
41565,362253,0.24155472643316003
29190,340177,0.19661239664437527
29191,302173,0.20068659506815612
28973,305025,0.19868780905925715
28972,264120,0.22982984407022827
29624,18700,0.4183088834212063
29629,52458,0.38025775381932814
29631,47440,0.411458319928408
29628,46735,0.41029546750178936
29625,49377,0.4067235003412023
29626,43955,0.3989215809458937
29632,120120,0.33748599477453023
29627,53579,0.3757629028925478
29630,52347,0.39078522343468614
29633,75018,0.34975562329367654
30656,174443,0.2821793354250138
30657,336233,0.2608529886295091
29207,447223,0.19714015702158744
29206,186725,0.22937377823214353
19343,6280,0.8206728286695953
19379,6336,0.8111566084341503
19418,5514,0.855737076096297
19374,7553,0.7635924564246649
19426,6242,0.8316811803451539
19355,5815,0.8634099444890502
19424,5870,0.9007087356526388
19353,5867,0.87612293350291
19400,5450,0.8653008351091919
19375,7543,0.7779064320153526
19401,5252,0.9030420192036528
19372,7409,0.8143221653903491
19376,6500,0.8176709119970769
19425,5814,0.8697079066545987
19351,5282,0.8459331800546752
19377,6354,0.8210937527997326
19346,5597,0.8762964386258411
19390,7389,0.8018306777013582
19388,6821,0.8251658343551302
19373,7170,0.7790533780044855
19348,5243,0.8944228577093649
19398,5164,0.923765136529134
19378,6764,0.8072385044194984
19412,4999,0.8763265563373887
19387,7296,0.7911623284410345
19342,6371,0.8431233150808721
19362,7568,0.7776227953266076
19408,4960,0.9112584142664876
19357,5646,0.8301044497736203
19396,4953,0.9196338825315222
19347,5578,0.8816874686159797
19413,4904,0.8863616325397876
19359,5852,0.8427560295885561
19423,5426,0.8863027154659127
19369,7605,0.7824601267560762
19371,8116,0.7557120389725889
19360,7034,0.7551607154009654
19366,6902,0.821276866756083
19370,8463,0.7350806311307918
19382,6526,0.8559819148149169
19367,6973,0.8115215302627438
19381,6108,0.8475360579283638
19368,8042,0.7530194961225641
19410,4993,0.8837014366758987
19386,7318,0.7919635312966691
19427,6184,0.8619355324635981
19405,5406,0.8737774379209491
19428,5866,0.8757714434982653
19341,1510,0.9128455078423277
19397,4975,0.8833676162744049
19407,5442,0.8478060935874249
19403,5738,0.8993372854606838
19402,5816,0.9041018423844553
19384,7271,0.7694169310830745
19392,4953,0.8982517809963311
19385,6831,0.8121388522331627
19395,5097,0.9348487049625037
19391,7024,0.8183800884734278
19380,6060,0.8428130979060655
19415,4935,0.9191623531669227
19349,4868,0.8842600414048186
19358,5875,0.8337457205619347
19422,5354,0.8767907692125056
19352,5775,0.8849426834625662
19399,5165,0.8861201952156966
19419,5403,0.9242251642098044
19414,5157,0.8974630422671217
19350,5371,0.8787082732110151
19394,5199,0.9151584115775432
19344,5255,0.9086361798832797
19356,5660,0.8711468688062896
19404,5180,0.8661033431131834
19363,7396,0.7694468588835115
19393,4817,0.9044311346250793
19420,5191,0.8810257453580437
19409,4804,0.937331434912733
19421,5064,0.8845370739868482
19411,5111,0.9515652054363797
19383,6694,0.8385866937621921
19345,5194,0.8851892126396396
19364,6483,0.7980212377025113
19406,5549,0.8717159167444324
19429,4999,0.8496917640303248
19354,6096,0.8585011463270229
19361,6804,0.8220935621956785
19365,6475,0.8177123469328752
19417,5342,0.8656184857164994
19416,5328,0.8906667589523097
19389,6443,0.8102728865801015
13401,8392,0.8066479537917288
13421,10534,0.7500803009138813
13433,10549,0.7283062851895695
13407,8834,0.7775326538399095
13427,10085,0.7618047345544254
13402,8905,0.7839142418198943
13444,11453,0.7268729599243798
13441,11415,0.7020037863536288
13416,10600,0.7416792467879108
13422,11211,0.7477391864355216
13419,11127,0.7266735720316528
13409,9471,0.7558200528155455
13446,12455,0.6855065982808968
13413,9355,0.7790478740643418
13410,9886,0.766906619835936
13445,10962,0.7279470376593173
13436,10426,0.7205377251709613
13400,2660,0.7712172973194883
13423,11046,0.7122205871155526
13418,11350,0.7466885579420598
13414,9933,0.7667466639607746
13442,12328,0.6735345079106417
13424,9282,0.7554597496306907
13432,10426,0.738792096707533
13428,9357,0.7722742233590703
13443,12174,0.7040521123785414
13404,8518,0.7973507561414995
13426,10042,0.7662449407698911
13447,12393,0.6810094834682495
13412,9181,0.7709223019675056
13449,12988,0.6613933335780338
13430,9901,0.7429099514864751
13434,11118,0.7245494475543137
13431,9860,0.7483071030392885
13435,11223,0.6944073416373715
13437,10622,0.7240228364463195
13406,8813,0.7743860076320852
13411,9952,0.7834335715151178
13415,9882,0.7687848248101815
13450,5275,0.6771345425496518
13439,11277,0.6892115428710479
13438,11282,0.7349092239073313
13429,9199,0.7645190887817458
13405,8263,0.8012007640272844
13417,10641,0.7346727882536572
13403,8863,0.7498351091860858
13420,10558,0.7552493485722054
13440,11766,0.7243800720716437
13448,13270,0.6673301463771398
13425,9368,0.7486434325646047
13408,8906,0.7593661053328434
14215,83762,0.3645258122516452
14213,74219,0.3785567489210685
14214,81616,0.35718338506391223
14212,71820,0.38187827775672234
14210,40146,0.38740140701471754
14211,80182,0.35813328980955833
14216,84923,0.3673020358465424
29293,234263,0.18694572876173454
29292,336832,0.2304996688947502
44981,5754,0.7226056766088572
44970,5446,0.7606667695933116
44983,5655,0.7315637378367285
44998,6623,0.7120230596275096
44937,6195,0.7377326712303766
44927,7310,0.6714285257337608
45006,6373,0.7058528752714291
44944,6830,0.7134742465736796
44958,6226,0.7321657215113907
44995,6505,0.688408424876977
44966,5707,0.705432862959739
44950,6505,0.7158565552790598
44955,6004,0.7246356361680171
44962,5641,0.7202410993356255
44976,5897,0.7574233944066842
44985,5408,0.7562980604501969
44994,6605,0.6989474565371834
44984,5359,0.7507501657425666
44965,5707,0.7415625128764005
44924,7811,0.6851149951319901
44982,5746,0.7305956989055222
44989,5601,0.7289375359148109
44946,6499,0.6863667914083075
44990,5205,0.7135336918281049
44956,6441,0.6999081646173282
44974,5370,0.7273912837078008
44947,6326,0.7157381121327706
44973,5724,0.724006205352242
45004,6283,0.6889923140717928
44986,5373,0.8080074104599116
44979,5523,0.7637340971328943
44963,5818,0.7206536434185866
44992,7101,0.6843713473854477
44960,5668,0.763316631372075
44951,6712,0.7403780923842107
44935,6350,0.7242786224833806
44943,5805,0.7296888244660822
44961,5741,0.7180307944445848
44953,6189,0.7120330754358851
44988,5343,0.7499035852114815
44968,5512,0.726193992906351
44948,6835,0.6861669679480664
45003,6033,0.7315819096630066
44971,5424,0.7503338045205024
44934,6653,0.7080366890690264
44925,7800,0.6484840790570139
44952,6119,0.7566278856834503
45002,6013,0.7178175613520944
44977,5729,0.7098948069083187
44975,5358,0.7721608980817837
44938,5888,0.7324026765855846
44978,5753,0.7598924963145737
44940,6173,0.6990251645142332
44987,5195,0.7625900119570822
44959,6125,0.7064360396745298
44980,6092,0.7325473593767037
44969,5547,0.7574780204933353
44930,6543,0.7142580245164663
44923,2706,0.6866360562820127
44931,6506,0.6981171801963328
45005,6377,0.7299436995346538
44949,6819,0.6926393570662065
44997,7227,0.6489458115999018
44942,5805,0.7446100185423542
44972,5452,0.719640954352146
44933,6856,0.710538442139841
44954,6094,0.7309714416369412
44964,5765,0.7489010266361796
44928,6874,0.70659930505081
45001,6369,0.7114755196414132
44929,6790,0.6773913155509425
44939,5801,0.7285069778377595
44941,6183,0.7207744800441932
44932,6860,0.6847125474887977
45007,4232,0.7233350773324778
44945,6801,0.7057698765839442
44993,7077,0.6547568330804079
44996,7126,0.6770844242116663
44957,6420,0.7353475896287371
44967,5589,0.7282451780707448
44999,6620,0.7150129740201343
44991,5271,0.7474727000405016
44926,7379,0.6823299212057997
44936,6205,0.7225147314828055
45000,6289,0.6901715751640717
29093,132111,0.29728079383053463
29090,96758,0.4508986613081251
29091,107001,0.5177373562481735
29092,219841,0.3247835945468734
41796,513597,0.2449349793888834
42817,354882,0.275379047929853
42816,172295,0.30858652726146046
39976,71154,0.3320524657048909
39975,49195,0.3865572901545089
39977,62335,0.35542390345266217
39973,50323,0.3787568301387927
39972,55424,0.378817699218666
39974,58438,0.362835299985235
39978,61360,0.3279317381246875
39971,61760,0.35858199304564237
39970,41004,0.34857595804793406
38063,127804,0.2882635038552877
38061,158778,0.27153234176823476
38062,154415,0.2815994307578138
38060,61360,0.2751062369165883
38064,11817,0.26286845842748174
38910,5845,0.8153101618038886
38891,4091,0.7446663366721669
38896,7041,0.729394465421438
38907,6309,0.7983345284409571
38922,29165,0.2329880517179226
38908,6133,0.8252572493082236
38914,58425,0.11481289754291749
38927,4467,0.6841467350690613
38915,24181,0.2808437356717492
38918,13544,0.4858000880021611
38894,7427,0.7692268552214894
38904,6978,0.7390696094501847
38926,10447,0.6423444754381181
38923,13899,0.4791252089189324
38902,6743,0.7909584865366164
38893,7421,0.7567576083611073
38921,17633,0.3809783077436239
38895,6874,0.7442454794030742
38903,6193,0.7911152452794491
38925,10748,0.6482899828689817
38899,6948,0.7803269765754399
38912,80137,0.07230002924383
38909,5792,0.7771221393545303
38892,8015,0.7332382200918158
38919,11349,0.6275039889083274
38916,16407,0.43358602873734553
38906,6475,0.7818835383606588
38920,38640,0.1673878147278469
38905,6348,0.7813591041689593
38911,5866,0.8007459852379298
38898,7238,0.7703990289400313
38924,11386,0.5962085744100056
38913,32406,0.21382508206356968
38917,11879,0.5931261317727189
38900,6300,0.7319480392589501
38901,6412,0.7787842407633896
38897,6818,0.7359407156101022
42063,125484,0.3286193676253128
42061,34329,0.3588687615397981
42064,70907,0.38093250232857445
42065,75406,0.36336929560454145
42062,118438,0.3374004564918828
42066,87467,0.3552415933361644
42067,5282,0.3679732944164199
3762,48037,0.39491122219463826
3763,44919,0.4001834678077769
3761,48091,0.3997013972676681
3764,49279,0.38572653197637424
3769,36025,0.43897240756044603
3770,29006,0.4754526391436281
3760,46912,0.40492155233658833
3765,42496,0.397265739857891
3766,36183,0.42293136631808564
3771,32712,0.44971501783717266
3767,36644,0.4283676802197734
3768,36047,0.4478363849265807
3772,21004,0.4444154743139912
37310,103166,0.29452158620681174
37311,14864,0.2740909773248849
37306,69900,0.34418533628580866
37309,126896,0.2765920236345359
37307,84201,0.3236850740976151
37305,5727,0.3313433396886284
37308,105584,0.2908698983373767
29455,373774,0.2828485110827146
29456,70594,0.42940794191483744
29454,123121,0.23560583732280316
3334,42907,0.3981438536744233
3340,42634,0.41207743016387555
3344,13875,0.4335583959241999
3332,2462,0.4355391832795233
3337,52979,0.3732695298326752
3333,39929,0.4291262157491666
3343,37771,0.4295528803999305
3336,52265,0.3908317479345155
3341,39930,0.41914084015842334
3335,38505,0.42910805740459296
3339,46763,0.4013239825933488
3338,52056,0.39087122779732925
3342,40626,0.418625182778384
1744,33265,0.47854737041435236
1753,33713,0.4775596008493957
1739,12055,0.5320277671161124
1754,27899,0.4726380288183063
1749,30159,0.49358800264973324
1746,33617,0.47310407837231827
1745,34226,0.46880948570641096
1742,31967,0.48897301046476627
1748,36419,0.47591217190408913
1741,31512,0.49181964149215324
1743,32710,0.4837700997517941
1747,35561,0.46264373864967057
1740,30022,0.5001261304298426
1752,34384,0.4643386471868242
1751,32094,0.5041255838569023
1750,33690,0.5053468143111534
28993,96218,0.3109020438599
28992,106551,0.3018349166272405
28994,121147,0.2905466467115309
28991,206465,0.24775264561397706
28751,356176,0.17858053611918764
28752,221909,0.2036327455837759
29062,305457,0.2089715719887807
29063,290853,0.2337157629038196
33798,76018,0.060082339201968656
33793,33367,0.05392787520031387
33800,33725,0.029316065739612394
33796,66079,0.08709360536271271
33797,52035,0.09976527990528719
33794,116734,0.04390587782060559
33795,93502,0.03917085997364027
33799,47468,0.1166076611958235
41765,123864,0.26354905265073164
41763,39709,0.38109825201024994
41764,353223,0.26677516900301107
28929,256910,0.231055965820694
28930,171997,0.21945022029017314
28928,96903,0.2264299566517257
42406,176165,0.3051986324659937
42407,343880,0.2888513753187803
42147,325193,0.23410613567516625
42148,200786,0.25138888593795977
41832,251736,0.2926611913274067
41831,248822,0.2636944659736812
33100,435896,-0.011461996453435788
33099,72395,0.016937072331651832
28727,432694,0.17414862185867447
28728,267731,0.16863499333114484
42291,205505,0.2501573182919441
42292,312316,0.2534185577647553
29261,47137,0.23424746162149526
29262,607796,0.2136118688622844
21429,11293,0.648702990535098
21439,6976,1.25425265368673
21445,11615,0.6262769412363096
21421,9033,0.7205467183333879
21433,8260,0.7878530446240162
21426,9937,0.6764490085171834
21432,9914,0.7229317002749193
21420,8513,0.751660205935362
21417,8045,0.7615722483819868
21454,14771,0.5468465280838894
21455,15893,0.5411515261291993
21435,10271,0.7056025811749721
21443,16599,0.5348048731753335
21459,19318,0.5073975093309445
21434,9878,0.714026618849071
21416,7778,0.7538580098025153
21461,1901,0.4365369267517412
21418,7285,0.7881102759296418
21424,8600,0.680856607717284
21444,15005,0.5513327917013946
21449,15159,0.5512355257955247
21423,9039,0.7202503844833065
21419,7891,0.7608513629085226
21447,10507,0.6854239608153949
21428,6876,0.8481383162907533
21453,15960,0.5435270191375314
21427,5951,0.856422854009913
21458,11869,0.6649064256790506
21415,8359,0.6995105355416551
21442,16217,0.5206078291448372
21422,8289,0.7661251601100321
21438,5127,1.4075713455909538
21431,9636,0.7123111182480423
21436,4027,1.2008795593014283
21457,19132,0.5129023222231606
21451,13703,0.5550104779767981
21460,24566,0.4553425609026109
21456,16602,0.5811398922706508
21448,14898,0.5689978415875898
21425,3195,1.076051281981096
21440,15585,0.5527809652488314
21450,13552,0.5828634748889023
21441,17382,0.5364119658617964
21446,14496,0.5475725182957123
21452,16453,0.5272770599369087
21437,7790,0.7668059274010172
21430,4939,0.8897236481629145
29307,336175,0.18794845061925067
29306,241218,0.2198288360630945
7092,11029,0.6410911010559346
7127,7239,0.7235568853806116
7135,7910,0.7456548865830415
7102,12657,0.6275735442077643
7103,12276,0.6502139128450537
7100,11967,0.6248218115219268
7138,10825,0.6317566000429904
7139,10614,0.6555208102949196
7129,8114,0.7042539229760527
7122,8145,0.7402488102124618
7113,9256,0.6903795273330716
7095,11185,0.6251809563445898
7133,7540,0.7658282358651429
7140,9980,0.6701911478572361
7110,8252,0.7349525292800755
7097,12283,0.6187966684228019
7137,10215,0.6374471800635233
7134,7856,0.7252911687720784
7131,8294,0.7194543246599698
7121,7441,0.7593259784812619
7093,10843,0.6419646403194711
7142,10230,0.673632124301823
7112,9420,0.6766049801002137
7108,7718,0.7200683359824829
7125,7121,0.7822300353650622
7118,9588,0.6795209718416104
7094,11243,0.6381813737741855
7091,8735,0.6280514614981558
7107,8470,0.7049122190897023
7115,9718,0.6768696535730023
7096,12479,0.6121512916855688
7101,11581,0.6256275933673592
7123,8172,0.7315089734996202
7098,13082,0.6146282477479744
7132,7786,0.7344464786310028
7136,10451,0.6757725260477246
7144,11367,0.6192986157080728
7130,8707,0.6913062699105578
7111,8155,0.7148127359241809
7116,9239,0.6833678346576801
7099,12695,0.6120276950857648
7145,6096,0.6479625740118928
7143,9398,0.6648559880297407
7126,7606,0.7411036115207811
7109,7799,0.7256726541646757
7141,9689,0.6661936233299629
7106,8717,0.6991470639346636
7117,8933,0.7258081897232334
7119,9231,0.6845190353864751
7114,10270,0.683307975862886
7128,8500,0.7112772621337788
7105,8225,0.713347223787979
7104,8323,0.7599445289142337
7124,7491,0.7414115983619661
7120,7416,0.7643894341199098
28661,2058,1.0844063772393477
28648,2068,1.1239545596857148
28651,2145,1.1010081371360105
28665,2050,1.0563290059087702
28673,50780,0.2059883370028579
28647,2146,1.0417824064196295
28671,2099,1.1200061532096988
28668,2193,1.0068884226991321
28637,2206,1.0903377320793786
28642,2051,1.013551427712135
28633,2123,1.0780655050135186
28650,2034,1.1190223936038497
28659,2061,1.0601721306345888
28658,2164,1.0639619960005884
28666,2000,1.142356440126206
28631,2624,0.9483562455773883
28653,2236,1.059397715985948
28662,2146,1.2204221153231536
28664,2125,1.1928651843834477
28635,2086,1.047031421624465
28660,2253,1.0736360091743917
28638,2089,1.018296625674889
28654,2111,1.1082214677940747
28644,2193,1.0406389077301448
28649,2094,1.0995825659816667
28657,2031,1.0690691102354435
28640,2255,1.0632279710907675
28663,2143,1.0266819603725128
28645,2162,1.0873723823778572
28670,2307,1.0956798652277222
28628,773,1.0826032158567431
28641,2192,1.0298469545114453
28646,2054,1.1880903330068404
28667,2022,1.085687508037876
28629,2345,0.9940484261644467
28652,2074,1.1130872180219535
28672,423546,0.22582603195249465
28632,2179,1.048768698548965
28630,2178,1.044912426292659
28643,2217,1.1001366193050497
28639,2057,1.0404270500979833
28634,2155,0.9476470909396707
28656,2188,1.083338703008546
28669,2265,1.0712196200722022
28655,2179,1.0908871729073961
28636,2099,1.026323958214826
14961,27745,0.4989823367109334
14966,23709,0.530196963754887
14962,24490,0.5185790438379765
14955,20108,0.5568409025872064
14953,22453,0.5173671899390994
14963,24224,0.524681314305178
14957,22181,0.5342644051296285
14956,22162,0.528470103353972
14959,19708,0.558667592859359
14965,26122,0.5089377411030597
14952,22381,0.527041020625501
14969,21308,0.5535155666024728
14949,6818,0.5009253263042522
14960,28330,0.49870455569324085
14958,19974,0.5525844388180924
14951,25015,0.529128303017121
14971,19030,0.5696271618052361
14954,20868,0.5537192144888784
14970,19107,0.5682234997852097
14967,22997,0.5319087660359274
14968,21352,0.5455411461801285
14964,26564,0.5092563523132468
14950,25020,0.5204440260330548
28786,512096,0.17519525909200287
28787,112461,0.1783268707010137
22167,44069,0.3929454854829109
22164,44741,0.3702439553994465
22160,33677,0.4154124453307502
22163,35444,0.39735954420185654
22161,38688,0.39706704429545725
22158,33977,0.4120136086154234
22168,32980,0.44343196163549303
22162,34070,0.40448118735258176
22165,49438,0.3622688485139553
22170,29635,0.410207003593374
22157,32804,0.4006765555400216
22166,34271,0.40968641072193007
22169,32685,0.4302752302164751
22159,36349,0.4098607587727455
22434,40132,0.3891120585639532
22437,31451,0.41173914454085175
22444,36798,0.38971436024658185
22435,38741,0.3964692364488208
22439,32583,0.41648761825246755
22431,7214,0.5139246120705898
22438,35311,0.39741684192011684
22440,40309,0.3923603498557771
22433,38784,0.3836872911884686
22443,39154,0.39979253609772075
22445,18900,0.4340187792946442
22432,40428,0.39054180572764796
22436,34509,0.39798507767936137
22442,39259,0.38315146649288906
22441,39542,0.3905381585813614
14787,63724,0.4325785423182347
14786,68504,0.4113644290072994
14791,69699,0.39953633033011426
14785,16970,0.46218020035091156
14792,72844,0.4004840708567359
14793,44636,0.3935786050074033
14790,62265,0.4366921370221937
14788,58655,0.4374754014057768
14789,59894,0.4381447901869606
37953,177945,0.2489509174409173
37954,230470,0.2589458588094038
37955,115845,0.2590281029677713
30391,109152,0.31987381706514534
30393,120549,0.3487406223341248
30392,108141,0.35693163080504614
30395,67396,0.3271573922997822
30394,122842,0.309885926229258
47729,43112,0.41368809976787985
47728,43006,0.41149713405177946
47722,33111,0.3442057606605112
47730,49140,0.3859889137829968
47724,60099,0.3680463299226297
47725,58702,0.37084762255191894
47726,71083,0.3471949827926963
47723,72195,0.34435527311410435
47731,20431,0.389436492716908
47727,67395,0.34844139945031155
48127,20570,0.36540923270968906
48122,72310,0.34901952200396974
48125,51188,0.3943498443426509
48121,60081,0.36884396981992545
48123,68559,0.3501038421300655
48124,55198,0.3836072925374126
48120,63534,0.36193291023436
48126,62377,0.3717163567436356
48118,15558,0.3771872752373921
48119,46111,0.4043144604871589
3621,69067,0.3670839248889088
3623,71422,0.3503383548235296
3618,61632,0.3710163318120098
3617,54656,0.3898422253864699
3619,66862,0.36374145441945077
3624,41414,0.36288859536196444
3622,75450,0.3325988472811093
3620,65945,0.36061992691956435
21653,6489,0.37474430770269146
21652,57474,0.3697323853858139
21648,54635,0.381773266256037
21644,46523,0.39323059491690904
21651,56670,0.36968552134606786
21646,30553,0.4975210462119514
21650,47654,0.3926863438505152
21647,40205,0.4169873513989956
21643,39591,0.422029457994341
21649,56252,0.37650999489474934
21645,33950,0.44201173325009363
21642,35317,0.3974814032761932
14485,172570,0.2679257417949134
14482,28890,0.3048999848225016
14484,166932,0.2661862446415774
14486,17363,0.2957663428631615
14483,125565,0.30013494329880885
37200,180943,0.26679981396101055
37201,224011,0.24536939380624695
37202,83178,0.255909529645275
37199,23553,0.23433453045152414
41611,201436,0.25934430689996496
41609,124761,0.2594889282899762
41610,157988,0.2757129053541258
41612,24546,0.2488059420327454
42132,144351,0.2737193420298974
42131,315356,0.2667654665405342
42130,58785,0.2800777604815421
30457,196402,0.3014311278150834
30456,69656,0.28988591688695897
30459,54812,0.2737541397700503
30458,200238,0.29632228676023803
28698,186699,0.16143548920973383
28697,482023,0.1893781498520217
42334,533993,0.22093933786511152
42333,86266,0.22500985902824588
41746,263601,0.2605662440811498
41745,256860,0.2406742932028766
14446,271940,0.2265695601382138
14447,92632,0.22795066514742188
14445,141117,0.2274519354809606
8716,3176,0.8808804229993739
8694,4891,0.826412865175052
8762,2844,0.9363758930480557
8768,2610,0.8135961940502597
8730,3156,0.8639335541751605
8746,3014,0.8939749932186546
8651,4576,0.8801949840870442
8713,3267,0.9017430885591265
8715,3273,0.8303233178616017
8689,5041,0.7787547970550677
8660,5428,0.7631499734715589
8706,3339,0.780142674104902
8635,3565,0.8774173077770431
8757,3444,0.8439809095430242
8707,3396,0.8593684208321282
8692,5060,0.8117565992663996
8641,5192,0.7769934132585523
8671,5237,0.8053092772623814
8702,4362,0.8312470392672897
8639,4051,0.8413700838239099
8676,4431,0.794990754501877
8636,3941,0.861885265093475
8640,5041,0.7872022666614886
8765,3193,0.8757797844100783
8696,4463,0.8737494568957815
8751,3105,0.849456557756042
8688,4537,0.8189628103637524
8647,4833,0.7729124648247507
8643,4845,0.8350697466372388
8734,3238,0.8428763316539829
8721,3402,0.8816051635829164
8745,3270,0.8386231750702693
8634,3629,0.8322212402904611
8761,2965,0.9229748025819091
8717,3185,0.910509344056204
8672,4609,0.8076646805208172
8759,3218,0.9142649536928343
8749,3044,0.9243365315391165
8710,3278,0.8236194293088351
8668,5170,0.7898967904922144
8742,3155,0.843952845320545
8659,5294,0.7850901905711477
8661,5610,0.7772354458887718
8645,4858,0.7910621623693826
8709,3471,0.8609395556704125
8669,5249,0.8130895000730116
8744,3218,0.856612641427867
8739,3143,0.8896917213156792
8670,5114,0.807603274764534
8650,4647,0.8147349947975604
8687,4222,0.8356349605487262
8700,4609,0.8405191529027222
8711,3204,0.902759443908898
8655,4679,0.8086960860077507
8754,3140,0.8576221252893381
8685,4477,0.8185176913888401
8682,4138,0.8242882906675021
8747,3034,0.8907223357487366
8675,4493,0.8354465691996169
8637,4171,0.8418984584080463
8654,4357,0.7973896394077234
8743,3185,0.9465815526302083
8665,5316,0.7991577648733778
8760,3084,0.859745550972855
8658,5040,0.7864893079924566
8683,4220,0.8666375304261918
8729,3125,0.886199820819684
8741,3334,0.8979696092793581
8718,3083,0.8383485952403421
8750,3085,0.9769335580701376
8723,3227,0.9130985879522243
8756,3410,0.9328429812681491
8720,3508,0.8655077816329554
8686,4225,0.853918254297967
8738,3220,0.8858413738278705
8663,5429,0.8109753650811962
8758,3175,0.9277679121418284
8763,3005,0.8617582848406566
8740,3396,0.8796300895794147
8690,4577,0.8376503762096382
8767,3172,0.9872653181700809
8678,4449,0.847985538429303
8697,4545,0.8339695609891715
8712,3258,0.8676305841762076
8725,3588,0.8802747685962824
8638,3791,0.864638275226043
8726,3363,0.8516738727611315
8731,3248,0.8589287723492187
8667,5178,0.8426807753001694
8652,4604,0.8107391414783602
8736,3206,0.8222673499509656
8714,3367,0.838138811617244
8724,3457,0.8393793289256998
8705,3357,0.9001585504536272
8681,4377,0.7902135315888151
8648,4734,0.8038308771351242
8735,3455,0.8429993452772195
8677,4513,0.8110246546571661
8642,4906,0.8268495319084199
8701,4619,0.859143795793871
8719,3257,0.9178697824386084
8766,3034,0.9472542281416012
8649,4685,0.7882262614453418
8662,5494,0.7972228777647106
8695,4947,0.7646933390646053
8699,4325,0.885575595203792
8664,4760,0.7706391853830886
8656,5000,0.7603140831468933
8732,3194,0.8660603845520242
8752,3204,0.9223326600194978
8657,5288,0.7914308528770401
8653,4839,0.8128833957591003
8722,3386,0.8558703924664013
8698,4604,0.8376207780304601
8684,4229,0.8504783876300979
8673,4449,0.7957304502645249
8693,5220,0.8197660320643669
8679,4405,0.8498927128974584
8704,3347,0.8644207993865994
8680,4211,0.8403175843980343
8691,4918,0.8645755751394713
8737,3189,0.8864350169392936
8753,3402,0.8714623835346647
8733,3276,0.8904726181187722
8666,4671,0.7903791185482912
8727,3356,0.835905217362296
8755,3196,0.8749476131083842
8748,3213,0.9039312463412922
8764,3113,0.9161232651754797
8708,3277,0.8309111244296665
8728,3291,0.8021657211889595
8632,947,0.8803420831964706
8644,4998,0.7626001488317923
8646,4783,0.8010530234236973
8674,4432,0.8174048690865601
8633,3983,0.9029397124149285
8703,4349,0.851315283155452
29481,193812,0.24947765697006646
29482,365238,0.24718208945624773
29483,24038,0.25276710089756804
30326,384865,0.26132274862185567
30327,88966,0.27122105688748643
30325,58168,0.288316671684759
41436,72566,0.2712003407964037
41434,141357,0.2554548747565965
41435,291368,0.2616247647784275
30719,218240,0.30289226469289676
30718,126862,0.3340511631769562
30720,25345,0.4549747743142414
30721,33306,0.4262264632567036
30717,82026,0.34679540685054033
30722,20352,0.42902693618366045
33077,40029,0.005092197582783177
33079,199207,-0.016439814655256225
33078,276610,-0.0019082268802437204
42614,96810,0.3275848981520733
42616,55811,0.3408405995348093
42613,117263,0.346426139119328
42615,86168,0.3593806317711078
42611,30715,0.3301531167022212
42612,112736,0.3339442835513062
42468,228130,0.2747625308798582
42467,294339,0.29292153690463946
2672,757,0.5871971058374871
2700,9557,0.736965668905208
2704,9256,0.7297096731954406
2699,9520,0.7417642129596742
2716,11378,0.6809823945401536
2692,8119,0.7818851697913064
2681,13222,0.6326425696901823
2706,9725,0.7087680419787784
2684,14264,0.6018633035770404
2717,10740,0.6578007212112491
2687,16659,0.5937851727655609
2715,12599,0.670045049164156
2707,10135,0.7013188153018539
2682,13282,0.6311005151380277
2696,8408,0.7818698793273883
2678,13445,0.5988609377621231
2679,14601,0.5956399586682024
2713,10861,0.6745937298014245
2677,13858,0.6257293783478814
2675,12641,0.641434649283461
2710,10963,0.6582915787349752
2709,25004,0.4449963091556707
2714,11701,0.7025169115261097
2711,11598,0.6627082044098936
2691,8541,0.8013140656477892
2676,13124,0.6508833712325972
2674,11996,0.6706820377729088
2680,12322,0.6425613879032618
2712,10329,0.7088016604778208
2685,15587,0.5889946102709983
2690,8047,0.78849859688758
2686,15420,0.600623952930014
2697,8853,0.7605098792721586
2708,19919,0.3856693722486505
2694,8976,0.7891952727610296
2703,11024,0.6992856640068419
2701,10134,0.7306791805395507
2698,9041,0.7935070589016833
2702,10329,0.718485774807126
2705,10892,0.6634815836043817
2695,9010,0.7573328335948699
2673,11972,0.6466049818318118
2693,8594,0.7432421188317981
2683,14560,0.6002969657449146
2689,8173,0.7779939880328254
2688,7893,0.8326301520382392
28777,589276,0.16923945369720989
28776,57775,0.1822494516261788
13148,25724,0.5532449524241347
13158,38504,0.48136099686388234
13149,25959,0.5490664267890397
13154,39798,0.489954676101324
13157,33748,0.5059172893933962
13156,34088,0.5034270478643752
13152,35712,0.49654778867262644
13159,16431,0.495105528328767
13142,1507,0.5870683972841094
13147,28723,0.5353735214318884
13150,28941,0.5265343384059769
13145,25185,0.5600190037143077
13151,30137,0.5208182456463568
13144,25366,0.5498460211036212
13153,34717,0.5046356435716083
13155,40063,0.4746097670031641
13146,28212,0.5384867962881171
13143,23607,0.5697242414653128
40892,10434,0.6654054996726599
40896,8323,0.749062709410409
40873,16041,0.5663892423663528
40886,10193,0.6822245645090563
40883,11208,0.6456428487563445
40897,8111,0.7655566276579769
40878,15012,0.5905609271546014
40882,12253,0.6369619754850767
40866,17221,0.546031680610513
40872,17701,0.5470316214450777
40890,12407,0.6158868683811688
40876,14478,0.5924219058231889
40898,8352,0.7164798747157354
40880,11911,0.619368579512686
40905,7857,0.7421766694681675
40891,11480,0.6588305501963694
40887,9409,0.6905957730249427
40875,16275,0.5663605281539169
40877,13565,0.6073838017507907
40879,13702,0.6099973854188495
40893,9727,0.6746581117600959
40874,17225,0.5603117832934974
40899,8008,0.7181075949783783
40884,10072,0.6602188439197777
40869,12931,0.6002152410757005
40881,11051,0.6360647886874343
40902,7729,0.772910406412329
40865,15084,0.5632849440142477
40870,14526,0.5844085878671138
40906,8639,0.7292623878568559
40885,9247,0.687808229115619
40900,7594,0.7513456550006167
40868,13917,0.5940915542487203
40904,8372,0.7497369468686507
40867,15779,0.5720411315920811
40889,11397,0.6576094385480359
40871,12916,0.5926110221270089
40903,7193,0.7941756642916529
40864,14452,0.5351520181994515
40895,9639,0.694487485140271
40901,7019,0.7907763774072455
40888,12352,0.6263622484372405
40908,4710,0.7331487972678816
40894,10769,0.6662146512549773
40907,8119,0.706851263879441
24681,8533,0.662535610330321
24679,8361,0.6736695209311039
24690,8020,0.6924840586398718
24724,9029,0.6690966938117983
24704,11862,0.6241421213648096
24694,7625,0.6962330505094539
24677,8775,0.6622607166462477
24716,9976,0.6608411057820704
24727,8464,0.7089264124785962
24715,10087,0.6622830382455154
24688,8380,0.6924727299416482
24695,7217,0.7055241353464552
24711,9733,0.6589832493214941
24706,11361,0.6368424100196275
24673,527,0.7185207646832172
24682,8701,0.6963854608583605
24680,8928,0.6696848667249103
24719,9514,0.6554356492895549
24687,7654,0.7099681123329548
24698,7485,0.6866123370119982
24713,10479,0.7064627105881246
24718,9853,0.6706295948717221
24709,10003,0.6395364927287222
24720,9821,0.6718585239602188
24674,9475,0.6625940041932025
24721,9187,0.6777815215744186
24708,10585,0.629769808296248
24728,9168,0.6893131866177196
24723,9002,0.6803863055171624
24676,8981,0.6565696046549162
24692,7817,0.6710575769383893
24712,11075,0.626686776532426
24707,10870,0.6605905670776644
24684,8412,0.6774077385502358
24685,8144,0.7045483800096926
24730,8759,0.6982077852827356
24710,10102,0.6584923880055051
24702,6968,0.7594173270561577
24726,8671,0.697165960993505
24729,8774,0.7234216495356275
24731,8209,0.6972705046508096
24701,7136,0.7172860211480026
24675,8738,0.6953024213463882
24693,8005,0.6847288368420028
24689,8166,0.6817623642475271
24722,9389,0.6964062090628165
24717,9522,0.6769560701844592
24700,7223,0.6962500191367158
24699,7265,0.7055397457270295
24705,11186,0.64905280537876
24697,7596,0.68788086758435
24714,10665,0.6451373650135112
24696,7768,0.7134302592205969
24725,8718,0.7034297314327197
24691,7862,0.6882854662764086
24703,6909,0.7372712379079932
24683,8484,0.6916531079775305
24686,8059,0.7040717788240991
24678,8528,0.6690102065753106
21925,18636,0.5483383872944015
21926,21462,0.5113267550929916
21931,22978,0.4628873875285987
21937,15918,0.5616707887895742
21939,16234,0.543449043085809
21927,19525,0.5327233893156902
21944,17922,0.5435974186672445
21941,13506,0.5871861882690943
21949,14568,0.5708562894861557
21938,17079,0.5577296471825618
21942,15310,0.5639464856282275
21948,15744,0.550765713229918
21930,24837,0.46468658414851627
21929,23868,0.4974142328507922
21947,17685,0.5416763160804249
21935,20061,0.5249687585860268
21924,20879,0.527216887757591
21940,14699,0.5970398846177051
21923,10695,0.5027805757744461
21945,16879,0.547293965117917
21928,24465,0.47453302101270806
21950,15010,0.548452133884432
21936,16986,0.5311245528894406
21943,13882,0.6073092205969758
21933,19147,0.5327020903645936
21932,22230,0.5073540981591889
21934,21171,0.488944527478081
21946,19308,0.5296125188773385
43210,62984,0.3855861250216176
43214,44692,0.405928091666349
43209,62321,0.39301198213234967
43213,57974,0.3954990524458062
43212,60767,0.39931708153615875
43208,68728,0.3832040019045836
43207,65647,0.3833110317620585
43211,58249,0.40481330674801913
43206,36873,0.3894493026002461
38179,34277,0.3831002762058
38168,45248,0.40261957163135553
38178,54445,0.3670619626931283
38174,33123,0.4488909584481197
38170,40382,0.43345239207245834
38169,39366,0.42241484678011476
38176,60002,0.358306959568317
38175,30554,0.4723230123870575
38171,35950,0.43652244444539595
38173,32306,0.46036496172808966
38177,51517,0.3899539929472429
38167,17386,0.4304964804950692
38172,36203,0.42729525392528833
14630,92119,0.30040561815793176
14632,150284,0.3083560497801382
14633,92998,0.2958769554411179
14631,186591,0.31348002009569903
28707,268230,0.17667640526524808
28708,440025,0.18278050560466277
14551,29786,0.26509496299615054
14555,100120,0.31145406798922237
14552,135447,0.28622624920997736
14554,109801,0.31272925632082427
14553,141181,0.29062224194901054
35484,2740,1.0409033268928949
35640,2596,1.1741182385183542
35563,2716,0.9855563554742593
35478,3009,1.00021378363682
35579,2388,1.122890183046901
35565,2515,1.0815680231175335
35575,2369,1.1867584611103377
35520,2750,1.1010527093524496
35456,3322,0.9220401059402732
35543,2635,1.0766728154675207
35596,2592,1.0639294794867538
35598,2569,1.0962295445085513
35623,2466,1.0968263055428598
35510,2631,1.0359343607329041
35648,2357,1.1029150173462816
35465,3068,0.9747155991262265
35578,2398,1.061495999605987
35521,2911,0.9958111913100017
35444,2707,1.026679259891642
35564,2532,1.1567023278890993
35493,3116,0.9649124422273555
35503,2754,1.0319582659465627
35592,2839,1.0551884776447205
35617,2607,1.0745236395081874
35516,2824,1.0447839778848638
35571,2327,1.0790263464588878
35612,2386,1.068632978394571
35622,2560,1.088565141528461
35548,2459,1.1189631499205275
35573,2295,1.1389632991009342
35580,2321,1.084101583782368
35632,2575,1.1703155698143193
35647,2346,1.1462147035183028
35531,2370,1.1102620480408008
35539,2530,1.0231146740520902
35446,2660,1.0574178358797997
35471,2826,1.0066405255073458
35528,2489,1.075136552140894
35560,2625,1.072656121002494
35550,2451,1.087167501472996
35511,2659,1.1039801305894454
35472,2961,0.9838430759013557
35466,3097,0.9725216205511727
35604,2513,1.0530882769727126
35519,2719,1.049847792618785
35636,2408,1.0591544842510616
35588,2738,1.1020914304418372
35530,2594,1.00027861933132
35498,2977,1.0626940561435292
35551,2733,0.9018036413670417
35638,2399,1.0940910066628322
35517,2733,1.016897876429803
35518,2816,1.085591431826543
35481,2902,1.0631951544208473
35635,2441,1.114235301403322
35479,2831,1.0226895466531456
35583,2319,1.1500664653043438
35593,2643,1.109025339552646
35461,2936,0.9246052734281239
35554,2469,1.0045607916577197
35525,2818,1.0503670526811508
35477,2568,1.027860697858833
35602,2528,1.143296697414525
35480,2850,1.0244545873408368
35628,2527,1.066735146806837
35633,2379,1.1082950828690523
35515,2693,0.9694670188367324
35540,2477,1.0414119518337202
35546,2430,1.119555523449393
35500,3106,1.083370336789393
35459,3001,1.02830754019813
35447,2662,1.0818352194840435
35489,3148,0.9806000162110857
35453,2620,1.136390644651399
35443,794,1.1491339789678798
35487,2670,1.0419899576203435
35488,3186,1.011257344863822
35455,2693,1.0036049517163117
35577,2349,1.1070347855944596
35594,2635,1.0782759347949356
35529,2504,1.0068373037280653
35608,2521,1.1093177518692006
35597,2337,1.1398636246818359
35645,2422,1.0633663558738757
35569,2267,1.0245201265324588
35460,3158,0.9984640611845835
35508,2742,1.0223812524849594
35496,2987,1.0590591219369274
35501,2930,1.0732241892923362
35463,2991,1.0442302626806026
35611,2457,1.0278188394429877
35532,2544,1.0156354545943493
35562,2738,0.9952245410649911
35601,2472,1.0550094560802616
35649,2302,1.0903910599386417
35451,2559,1.0636281375587304
35469,2822,1.0789182526323071
35584,2710,1.0429195957861068
35590,2496,1.0409412006267136
35618,2555,1.0981475783951105
35552,2453,1.0997887592680229
35625,2628,1.1391701344987815
35512,4663,0.662070574368023
35473,2955,1.0395242474314828
35621,2604,1.057238456698091
35475,2849,0.9804008591163578
35450,2754,1.0459430649066712
35644,2427,1.1492003783080307
35494,3035,0.9759963785195925
35536,4679,0.6726960341003326
35572,2398,1.0487003138974285
35555,2668,1.0762390642031918
35458,3209,0.9334367992886048
35452,2587,1.1024688807429353
35448,2877,1.0505154429148948
35534,2511,1.0471260785497596
35614,2402,1.161104572128117
35505,2833,1.0626725620547448
35570,2502,1.0439486376502172
35482,2905,1.0446287448067186
35535,2476,1.1285770322559012
35556,2535,1.0760901197014532
35589,2641,1.102116065296457
35634,2403,1.0542032093536389
35639,2407,1.059018992199485
35631,2423,1.0732834702586291
35507,2932,1.0007015550083955
35542,2750,1.027667221779685
35605,2486,1.140516609078375
35607,2379,1.0681212718989086
35630,2403,1.1684159389513717
35523,2649,0.955988523775023
35541,2710,1.0574619936705265
35533,2521,1.0730513212730912
35476,2866,1.0354370331374971
35629,2453,1.0871901616406128
35557,2555,1.0783677658247683
35499,2868,1.0579602395038403
35606,2516,1.031303735975856
35490,3240,0.9507291488150603
35504,2801,1.0538895900270893
35626,2725,1.099307955593096
35547,2363,1.0777943353671378
35526,2674,1.057222443299746
35559,2654,1.069019494336694
35620,2466,1.1059320174214289
35616,2607,1.091965203137615
35586,2724,1.142905021447073
35549,5541,0.5097329862500473
35538,2870,0.9655185153951575
35613,2342,1.0437607988389932
35615,2339,1.1943339167099154
35619,2771,1.0247921621787541
35544,2408,1.1641724449138282
35486,2767,1.1001890408934745
35470,2957,1.0321796797504925
35467,3045,1.0039606233963194
35637,2289,1.0600037595683494
35610,2512,1.0818334265834075
35483,2799,0.9905559332286177
35468,2900,0.9989095028021207
35513,2792,1.009831423723669
35522,2669,1.0102762422660763
35558,2429,1.052251285808006
35581,2319,1.0895877096092847
35600,2555,1.0347371488575805
35566,2632,1.0143386790912952
35576,2412,1.1174435787796126
35642,2421,1.1109620429398406
35497,3180,0.9891457357492762
35609,2426,1.051163074562375
35509,2647,1.0574985303325206
35627,2395,1.037645172282148
35641,2422,1.1061713590882345
35603,2433,1.092453883417741
35524,2703,1.1127864096496407
35561,2603,1.0882762150638985
35595,2636,1.0587856836374934
35537,2504,1.035248935525744
35454,2592,1.0992815330381682
35646,2547,1.0860325211663497
35445,2684,1.0560459086163005
35491,3120,1.000586709494305
35462,3155,0.972428503853551
35495,3027,1.0028320299432032
35591,2466,1.0307611603014546
35474,2842,1.0771348051069596
35506,2908,0.9699719837488298
35464,3254,0.9588525536710829
35553,2428,0.9785240113097026
35568,2484,1.09892957103806
35567,2510,1.060215895131118
35585,2666,1.0557635307397664
35574,2340,1.0736372179151408
35587,2564,1.0677856885471768
35643,2355,1.1191701352462544
35485,2737,1.0464920606026253
35545,2414,1.0912191638663302
35449,2603,1.0688818220382363
35457,3261,0.928291450485359
35492,2965,0.9804960221527522
35527,2495,1.049100897579284
35624,2636,1.1073570958715724
35582,2334,1.0624287422734633
35514,3871,0.7128986360456175
35599,2456,1.0135006963198372
35502,3048,0.9636269035356455
15695,58192,0.3643527686425959
15700,40522,0.4415381028154992
15699,36594,0.4533416119621915
15697,44926,0.4320207035845202
15694,45886,0.41056196962685904
15702,37770,0.45740583844525035
15698,59766,0.3656934057036732
15696,68081,0.35631762387520827
15692,22412,0.4477704770298013
15693,60816,0.37129193295215485
15701,36716,0.4575977022312247
17205,2637,1.0120440447067602
17303,2756,1.0679180936541925
17336,2692,1.0405304644098898
17197,2551,1.1179657141182961
17316,2741,0.9901814843376894
17217,2420,1.0237793485691704
17326,2730,1.0667305674418497
17222,2561,1.1457854932084328
17210,2486,1.0260798406149099
17321,2866,1.0112585618144674
17297,2637,1.0312933344161148
17187,2722,0.9855144637603556
17268,2307,1.141460964373125
17309,2676,1.0864669519868853
17165,3164,0.8754128351085315
17218,2609,1.0015692781385124
17227,2507,1.0168008942447189
17261,2521,1.081120117480285
17255,2577,1.0638760110549863
17260,2649,1.0613100187865743
17315,2858,1.0604449834680998
17225,2531,0.9982345529030546
17304,2716,1.0166647260902086
17236,2434,1.0477441571785375
17360,2643,1.0967906150386963
17285,2599,1.0425530622226924
17231,2273,1.1006061235714863
17247,2401,1.0736913874538452
17300,2741,1.0362169631751066
17352,2619,1.0410282860192528
17259,2713,1.1118289151437433
17232,2391,0.9998178393127592
17308,2618,1.0590948188969536
17200,2620,0.9919826419516645
17271,2347,1.2027939049865504
17362,2474,1.0165679103646457
17196,2573,1.0102039276248798
17288,2751,1.0634493209747038
17183,2601,1.0229736785595633
17229,2476,1.0471583320375621
17341,2640,1.070122336005191
17169,2678,1.0157759925867234
17214,2796,1.1209231795588768
17251,2627,1.0212192381079261
17320,2943,1.033205927866318
17164,2710,1.0286911380591954
17278,2402,1.093635730383514
17356,2547,1.051982456814369
17296,2628,1.093473850645213
17201,2543,0.953398972538464
17334,2547,1.0556944140641131
17198,2563,1.030323828282758
17314,2823,1.0305316346762459
17234,2381,1.0571456816468399
17354,2710,1.0229184788134584
17216,2596,1.001036892667485
17279,2407,1.0860149431690151
17335,2672,1.0845708514245338
17212,2701,1.0089121451319405
17267,2315,1.067362310910251
17184,2628,1.0312830672783924
17350,2523,1.0669012892155183
17345,2558,1.1234560416666761
17175,2573,1.1045879854909482
17192,2841,1.0720115078440462
17363,2669,1.0864903653300595
17256,2722,1.0469432593607155
17269,2378,1.124025258503978
17275,2478,1.0778695929167257
17204,2623,1.011584153905177
17348,2597,1.1716915382651862
17292,2787,0.991177027080537
17277,2401,1.0423661279433847
17289,2765,0.9855272635515315
17193,2603,1.0115536310950888
17177,2491,1.108002996827977
17262,2751,1.0444574525604318
17238,2304,1.011716260758729
17245,2437,1.0390309201604209
17347,2578,1.0127106550295724
17364,2391,1.0527920411783493
17318,2779,0.9886839567948396
17359,2614,1.1246426994911012
17346,2619,1.092453327087301
17306,2844,1.1019942995840348
17215,2722,1.0137394311848291
17168,2917,0.9753897393455643
17323,2881,1.0241445092671662
17327,2849,1.029108048033387
17281,2692,1.090497760321808
17264,2415,1.1039453485374706
17270,2326,0.988413986035451
17178,2620,1.039638466767864
17189,2726,1.0257066615145187
17332,2823,1.1177231705897446
17179,2557,1.0159640530934064
17240,2418,1.0688108126849758
17224,2479,1.0674023934084733
17194,2819,1.0604511062743953
17349,2677,1.0332432437467596
17213,2598,1.0978003610305092
17162,838,0.939012816764071
17310,2708,1.0922794062212102
17182,2563,1.034879996165989
17228,2443,1.049233815621693
17293,2708,1.048130399725939
17324,2761,1.0616278365453358
17284,2638,1.1257256136407083
17282,2699,1.0085904296338475
17244,2417,1.0600962123464839
17206,2671,1.0569155184521537
17313,2795,1.0500029582008312
17329,2652,1.0521437873399149
17280,2717,1.0767717248226247
17319,2752,0.9886492867829411
17305,2729,1.0332648194968486
17242,2359,1.1166197651047338
17266,2440,1.0893936270970457
17233,2301,1.0766432619870487
17283,2712,1.0968949725218837
17358,2684,1.130911535649652
17331,2604,1.0900018322930105
17298,2576,1.0520530042065477
17369,1545,1.0769018668113852
17273,2365,1.0444430359061387
17291,2756,1.0016093807915072
17246,2438,1.0667937607995965
17202,2661,1.067963915269717
17171,2563,1.0705988138972322
17253,2388,1.0342798839339635
17368,2593,1.0846288963604012
17207,2711,1.0696944211444417
17209,2633,1.032739177425739
17311,2546,1.0406920058285185
17199,2564,1.0541940105016643
17190,2619,1.124387797350093
17220,2680,1.033503890776176
17338,2728,1.089572528443394
17249,2646,1.061792174242008
17248,2687,1.0265804644462215
17325,2657,1.0517864657403906
17174,2573,1.0175973590964829
17312,2911,1.0464740250002011
17186,2744,0.992445423678321
17355,2644,1.0987363480244037
17250,2548,1.0551240673007245
17294,2658,1.0785558980161252
17221,2551,1.0351452271740873
17265,2363,1.0349012344175534
17176,2692,0.914933085343933
17235,2402,1.1144532160555098
17272,2501,1.1284114259618556
17274,2690,1.0597864796058933
17286,2869,0.9597953441362314
17340,2633,1.0184279059475922
17195,2591,1.0739262629092658
17299,2616,1.0852095503991885
17166,2841,1.0050099406375073
17241,2429,1.1104364853097932
17258,2558,1.0653966045962258
17188,2521,1.0347380424232109
17203,2727,1.069399508294117
17237,2961,1.1546602565024557
17211,2639,1.0834559228974256
17243,2451,1.0595257296575047
17254,2550,1.0168257429151368
17173,2595,1.0625217496963997
17366,2531,1.1186942020707904
17287,2658,1.0233399703765251
17357,2610,1.0583074464386801
17342,2689,1.105455691205225
17163,2571,1.0508501808555262
17219,2550,1.0149138006349816
17333,2750,1.0322849962348148
17322,2981,0.9729088274055182
17353,2778,1.0531992595443995
17337,2733,1.0487575682779697
17351,2560,1.1168917712777726
17223,2566,1.1755401477599359
17170,2766,1.0665273967321853
17226,2613,1.0670243901487757
17252,2597,1.0328265447143439
17328,2746,1.0324692359203491
17180,2556,0.9918609598905834
17172,2603,1.050889310925511
17295,2666,1.0066984563463879
17330,2714,1.03496767579642
17263,2724,1.0724337932366133
17343,2621,1.064103963176314
17361,2592,1.1071984213181654
17208,2468,1.0544666415660089
17301,2811,1.0790405147087354
17339,2791,1.0374347884436153
17367,2432,1.04857305796638
17307,2733,1.0376102994943255
17167,2813,1.0190057264289818
17191,2541,1.0635416982246382
17257,2489,0.9837798963421432
17365,2420,1.0571146118386592
17317,2766,1.1298336996127505
17181,2584,0.9938368324891789
17290,2834,1.0572183975730678
17239,2384,1.1804223598545278
17185,2629,1.0025754802594558
17276,2433,1.0886929632589442
17302,2584,1.136489929955274
17344,2568,1.0540557782164035
17230,2562,1.0667018926767817
28849,496037,0.164235801710745
28850,75753,0.19530415524682299
28848,42042,0.11946499794967007
14071,85010,0.34823432992465386
14073,97521,0.368217936047892
14076,75132,0.3566985529227637
14072,97307,0.35679195300746486
14074,83054,0.39773602698324717
14075,84481,0.38865193756837974
29519,158813,0.3588119669924006
29517,14038,0.20223011684841294
29520,206286,0.31227713324227596
29518,165897,0.34930037346942083
44322,19187,0.5149945104791244
44331,18750,0.5462125147233525
44333,19633,0.5081891899159381
44334,18466,0.5182064954153494
44335,17090,0.528403194904566
44337,21413,0.5038019296516707
44327,20686,0.5063949797712283
44330,18514,0.5291752329467715
44336,21441,0.48385069179972795
44320,22108,0.48315536100435896
44318,25351,0.4996583198535766
44328,19764,0.5240796589642882
44325,20612,0.4823356997121773
44317,29913,0.46075623387116227
44329,19548,0.513673453483146
44315,11081,0.5010331994869319
44321,21231,0.48610565602467487
44319,25735,0.48861997602806573
44323,19186,0.5131824113350884
44339,12654,0.520253856042645
44316,29273,0.47117319644667466
44324,19712,0.49703378467789033
44338,20577,0.5038919780954948
44326,18926,0.5238704617132087
44332,19289,0.542017179091004
28878,96362,0.3754260290289499
28877,466059,0.22644056207083144
14717,68567,0.46186606498151234
14719,61329,0.4738978068141717
14718,73802,0.42651048101700445
14721,64155,0.24556619242498093
14716,3173,0.5095258857918739
14720,239011,0.24035428963347613
3162,28219,0.5272519204640421
3152,32941,0.4835943905451172
3148,14532,0.4668655134726144
3150,33099,0.4701015383466322
3151,31274,0.47697165837932604
3154,31215,0.49267703086468706
3155,22568,0.5733479819029523
3158,26492,0.5223774242243787
3161,19165,0.6267557239209844
3156,21923,0.6131110905910342
3163,22330,0.5743630359069013
3160,27445,0.5226728576609345
3159,39666,0.43618078338291233
3149,30815,0.4940456342196282
3157,34332,0.4662846524960119
3165,35461,0.42857807900071876
3153,28112,0.5515047619816396
3164,22881,0.5605377881424125
30180,49276,0.4380631526169207
30181,33784,0.43752719461004663
30179,64542,0.4125684723144185
30177,56760,0.4365598665338085
30176,59161,0.4235501445738415
30172,34083,0.4817660924764657
30174,37131,0.4726497699555621
30173,31586,0.4885141104694695
30178,63499,0.4099253242883891
30171,39583,0.4561295952620514
30170,2500,0.4883323673549777
30175,35004,0.4739043544299058
43046,151498,0.2620263197382518
43047,266119,0.2601591254093268
43048,95538,0.2914350685146674
28717,48144,0.16395319603824401
28718,676295,0.17531036362220379
39501,21064,0.5239310626015825
39489,16568,0.555533526228501
39479,13695,0.6300206080855448
39470,1679,0.7060028491915618
39503,21241,0.5130654405734892
39502,18729,0.5439426450147736
39475,11570,0.6863303462237024
39478,12559,0.6425356670563268
39499,16729,0.5879314670762994
39504,23363,0.49548769091259387
39491,16602,0.5665481970007262
39498,15259,0.6030885469109768
39482,10552,0.7021597010354772
39483,11598,0.65942703768492
39480,10339,0.6967588170200364
39477,13462,0.6201683855376809
39485,13798,0.6117435266036456
39474,10410,0.6811120475169518
39493,20917,0.5210171175731735
39494,18551,0.5453032999515511
39481,11417,0.6692998409675347
39497,16769,0.5836561362644455
39495,21069,0.5103815620826018
39476,12556,0.6402394116211747
39487,13724,0.6089604809431639
39471,9723,0.7202725797703241
39473,11426,0.6608815031389321
39488,14905,0.6126955583394863
39472,10383,0.6935638680281998
39490,14885,0.6035735691931775
39486,12573,0.636862120504384
39484,12801,0.6530226017232156
39496,14771,0.589877670233951
39500,18583,0.5533696160786368
39492,18502,0.5519879623938657
24043,30380,0.44338700171449663
24050,24087,0.47090906568633756
24052,19653,0.5086883738764941
24044,28156,0.45372525543164577
24040,31028,0.4508642509607363
24059,23339,0.481827861479178
24055,18478,0.5230295646618321
24054,20427,0.5025187720727514
24056,24805,0.4675605688516289
24048,23157,0.4850886564954316
24041,29941,0.4470006283502179
24045,26679,0.4566782684349221
24057,23470,0.4754597479115883
24049,21131,0.49897090335500965
24046,27964,0.44789881267141124
24039,11489,0.4456154387310005
24042,31383,0.4413311107010266
24053,18073,0.5475785545418427
24058,25148,0.47365205386710324
24060,7784,0.4902232610166733
24047,27128,0.44667003052386195
24051,22176,0.5020443968789843
38543,63936,0.36088434614975823
38546,56349,0.3891616104462438
38542,37917,0.45757989892507106
38541,56592,0.3844857742476841
38545,54505,0.38836471402566275
38547,49342,0.3959763907888075
38540,46718,0.4236782680245701
38548,48541,0.4040408514821556
38544,68160,0.34859830834913613
38539,11066,0.3818830579233881
38549,20519,0.4282303092944509
28889,364770,0.27545514893878176
28890,205665,0.35679746752796426
41998,76264,0.37595056478655015
41996,65377,0.38402602687619747
42000,23646,0.4363286381070933
41994,69434,0.38625351951813963
41993,57932,0.39163158201290355
41997,68801,0.38685246136601514
41995,73632,0.38634169843187066
41999,81915,0.3785811137901741
28684,113161,0.19751871135547905
28685,530915,0.18758788344599364
14300,61751,0.41633258974011456
14301,81987,0.3663210521336935
14304,76153,0.40066131329707544
14302,75469,0.3823957358350773
14305,53534,0.40795467592229806
14299,53913,0.44855936070065733
14303,92886,0.347634972605212
14298,14545,0.3713911847705105
10156,4260,0.8852281599328855
10151,4619,0.8881300657213965
10141,4964,0.8992739449169858
10123,4311,0.9088707702948333
10106,3354,0.7829814396853434
10125,4501,0.8276141544097361
10136,4535,0.851545055357037
10200,5797,0.8110582555891427
10109,7089,0.7916954748692862
10117,4600,0.8631884271379032
10172,4777,0.8767407955935731
10140,4785,0.9028392797683255
10129,4716,0.8364956468894144
10127,4510,0.8418886508726081
10122,4123,0.9117787311296424
10173,4830,0.8964077608442572
10116,4594,0.8872538584049489
10121,4282,0.8854372499110148
10120,4270,0.8494427612962744
10190,5404,0.8251936732070011
10192,6055,0.7976078650683192
10158,4305,0.8735697615558158
10132,4808,0.8977766079603513
10110,6716,0.8080137900573725
10197,6948,0.7911808623723202
10152,4165,0.9431779168247441
10195,6126,0.810723741841637
10166,4727,0.8483680668735286
10108,6791,0.7751657840806077
10183,7452,0.6125546477249175
10131,4560,0.9055886182723628
10198,6568,0.8083274953777384
10128,4774,0.8359966938815758
10160,4491,0.8536530746307871
10163,4597,0.8968770189307433
10193,6307,0.8376460776887411
10144,4249,0.8631447393188
10115,4544,0.8347900591942208
10143,4910,0.8109870407422373
10164,4736,0.8594806331485076
10207,6584,0.7987474155651049
10161,4531,0.90403378639616
10175,4678,0.9092943045753129
10184,5229,0.8796663202651305
10153,4305,0.9027053867987637
10189,5653,0.8201282289371662
10162,4690,0.8437960548385913
10118,4487,0.8819080056249782
10178,5293,0.8664178209566459
10182,5631,0.8133952584981379
10149,4618,0.9060704181049672
10150,4386,0.8762685385749915
10139,4496,0.9206363591717931
10113,4505,0.8656326424253664
10126,4389,0.8870071062411471
10135,5098,0.8340401535246157
10203,6029,0.8086017376422309
10188,5706,0.8466801079100579
10155,4121,0.890787236094473
10142,4713,0.8372863710614867
10186,5060,0.889887600913497
10196,6661,0.7942928193687577
10201,5969,0.8164522849254214
10205,6941,0.7953040880500235
10168,4457,0.8696421434355768
10146,4084,0.917439166049255
10170,4447,0.8638521581045882
10112,4222,0.8588897492228323
10208,5023,0.8499957513005512
10133,5373,0.8426057641789192
10138,4407,0.8610781040387214
10114,4408,0.8653451242392218
10148,4473,0.8851887825502459
10130,4668,0.882943585151943
10199,6930,0.8014425733959648
10119,4553,0.8825871802706735
10206,6273,0.8327965407310114
10209,5098,0.8740110999795963
10180,5655,0.8589998230400323
10202,5937,0.8230927502169769
10124,4515,0.9250218497346706
10107,6492,0.8127037841226898
10169,4501,0.9070895738809769
10176,5270,0.8787550477884315
10187,5148,0.8426092377521442
10159,4249,0.8970537507668565
10134,4944,0.8464372053140873
10181,5815,0.8149126122142775
10111,7053,0.765094328918468
10179,5515,0.8557933656738889
10137,4774,0.8639651962702745
10177,5555,0.8331532321449714
10204,6304,0.8208363200489683
10147,4284,0.8564836247212448
10165,4838,0.8846499087640793
10157,4430,0.8838315544828921
10194,5848,0.7852734453148098
10145,4044,0.8897112050639328
10174,4672,0.8648741392402641
10185,5330,0.8516696412469793
10171,4484,0.907292295643215
10154,4217,0.87306847522424
10191,5586,0.8146260933422304
10167,4727,0.8891934596751342
37736,68499,0.24422550804575327
37734,202254,0.22819760097546676
37733,57736,0.27486665789677406
37735,189853,0.2538750676496245
12749,13121,0.6455095432663636
12776,19546,0.5978096053933678
12770,18484,0.633640480817884
12764,13726,0.6948894286080035
12761,13246,0.6610770468224605
12750,14192,0.652657331666182
12748,12787,0.6665370017493881
12771,18384,0.6294813619967764
12772,15669,0.6239297282538366
12777,6883,0.6210146558766252
12742,12438,0.6668618098631705
12744,13568,0.6410227204822387
12756,11657,0.7096598070772312
12766,14898,0.6538705284834654
12746,14625,0.6381710653924368
12768,17045,0.6272089238827105
12758,12606,0.6773273314662542
12740,9367,0.665078923665556
12774,17832,0.614245122730602
12753,11621,0.6923515084588366
12775,17105,0.6149070738010716
12752,11715,0.6692802122912052
12757,11730,0.6970758872879298
12767,14603,0.6605739810571236
12741,11698,0.6851582482780242
12759,12746,0.6890336342071359
12760,13652,0.6325282624532048
12765,13637,0.6772854430872567
12755,11982,0.6949089721639573
12773,15413,0.6248302929702033
12743,12513,0.6737992571240818
12754,12553,0.6749591432570095
12769,15730,0.6281078191009715
12762,14444,0.6352290843600176
12751,14186,0.6289760399864568
12747,14289,0.6450081028341076
12763,14936,0.6473319274234628
12745,13606,0.6495160239502877
45694,12487,0.639313910356017
45710,27214,0.49675835754697906
45706,30947,0.46712728822157523
45690,13556,0.5949090878122014
45707,29448,0.46339943050305893
45688,13434,0.5954366496610566
45705,28042,0.4987175888144061
45689,12926,0.6246204352640942
45700,24109,0.500804735809173
45691,13305,0.6171341738891615
45708,26602,0.47621155033149315
45696,27180,0.5089345709748799
45687,9964,0.6412615380413229
45702,25284,0.49803470062234056
45703,24634,0.4910166085715662
45693,11709,0.6174650167056813
45697,24768,0.5048900450311803
45695,11617,0.6280496075792182
45709,25201,0.47476208719494656
45701,23489,0.5054184382139852
45699,26253,0.49302730988418597
45692,12517,0.6441842464023141
45704,29779,0.47993566975182217
45698,28033,0.4756596557154978
40572,18347,0.532226491118345
40563,20040,0.5221564383784819
40561,19088,0.5196961677333434
40576,77616,0.3553869723537523
40564,17619,0.5339972852347361
40559,24690,0.47496233312815545
40565,15625,0.5794396372348984
40574,17976,0.5425571245231748
40567,16351,0.5631586243799416
40568,22295,0.5123852155355586
40558,27156,0.4487375222612482
40557,12402,0.46364163694457955
40573,16376,0.545248978363433
40560,21469,0.5072741410004799
40569,20449,0.5192419639774051
40571,20345,0.5228931516534702
40566,17969,0.5351801355873674
40570,22544,0.4991325751469614
40575,16445,0.5622624306272843
40577,72458,0.34626285869033124
40562,22037,0.5033726702038207
1224,16081,0.5576811160130537
1217,17623,0.5467109679640986
1219,18044,0.5270226161739626
1222,19188,0.5355513271499972
1216,16660,0.545261835992171
1226,17584,0.5411898012123934
1200,11757,0.6408540228298995
1203,15683,0.6153695092933238
1215,18591,0.5608345221751861
1205,17788,0.5781236486259713
1212,17412,0.5982444171136239
1213,18397,0.5849226352392922
1218,14979,0.5852342073033292
1208,14408,0.6067074847479009
1227,18974,0.5501156415662065
1204,16732,0.5933967328400311
1197,4884,0.6066350877358265
1223,17821,0.5606091780309891
1214,17551,0.5679008765150959
1199,12771,0.6285889349322427
1210,14445,0.6236815878399183
1201,14665,0.6152488006274762
1225,18724,0.5467363561785521
1220,18093,0.5429758194672912
1202,13483,0.6353751726365356
1211,15355,0.5980634696257835
1206,17077,0.5982715658179024
1228,11748,0.560145560536824
1207,18145,0.5843113274615674
1209,15565,0.6038973610889677
1198,11440,0.6825884064443438
1221,16362,0.5547136785532742
6328,12499,0.6265719658770628
6329,12155,0.6188849204833233
6325,10443,0.6593739367820498
6315,16033,0.5645301433522084
6324,11175,0.6304944932904519
6297,11188,0.6339678234470374
6319,13874,0.5965879293156175
6331,12498,0.6044745875522087
6326,11439,0.6206557698557754
6337,571,0.7174525178996107
6332,11866,0.6253548717677292
6311,13424,0.6036824294145254
6314,17652,0.5277994900564924
6335,11095,0.6351971825795019
6334,11791,0.6008461911719565
6304,16153,0.5525700599058475
6327,10910,0.6216887225879101
6336,8730,0.6600582622239786
6305,15073,0.5717081178545425
6310,14458,0.5697377263723052
6318,15075,0.5704235535554828
6309,13215,0.5982320782309115
6321,11452,0.6125024127701241
6333,11159,0.628323996815264
6303,10177,0.6283832083167796
6322,12720,0.6018717130525533
6320,12073,0.5976522887340776
6312,17548,0.5461716374331889
6308,14006,0.5987866794867421
6307,15630,0.5620166075125655
6301,10180,0.6186461415687128
6300,10667,0.648204423410587
6313,16245,0.574729411133778
6298,12031,0.6215997902462808
6317,13589,0.5992967499785564
6306,16980,0.5230662978298201
6323,11781,0.6308014249473519
6302,10744,0.6220654674900423
6330,12999,0.5921899483450939
6299,11511,0.5913802413824618
6316,15027,0.5784328911282713
41263,71278,0.3711412407945958
41270,28468,0.387858740291084
41265,48292,0.4157188799669322
41264,45689,0.4002903125569207
41266,54764,0.4007404653430495
41267,56703,0.40179596266796885
41269,54044,0.4001679493572005
41268,50043,0.41757767184319006
41262,68434,0.3787863144069993
41261,31694,0.38619280005373663
29422,21036,0.39333536307829325
29427,68893,0.35327358810150294
29429,66720,0.30129468553353506
29425,90108,0.3181194350648527
29428,98793,0.30949066623390203
29424,84102,0.32264676752703303
29426,63497,0.3588923161363201
29423,45140,0.387175660374932
20698,11532,0.6302242992456237
20690,12471,0.6339354174509363
20718,8690,0.710632418828177
20731,11283,0.6587600188096615
20733,7479,0.5958754539731761
20716,9071,0.6961120203835416
20710,9394,0.6996864274817423
20730,10469,0.6719494820460152
20732,12353,0.6193971725887126
20720,11349,0.6245022053624173
20723,11945,0.6266947366812048
20714,7787,0.78212034739879
20691,13391,0.5856766088586458
20726,12996,0.6137758163291913
20704,8607,0.728720837254173
20703,15025,0.5794398925202251
20700,14379,0.5995971928708164
20705,9198,0.6933774797761731
20725,14370,0.596694139589044
20721,12189,0.6155888507703265
20719,9607,0.7121592659843952
20724,13149,0.5955254502946622
20692,15322,0.5675746995038442
20711,10079,0.6844932324640639
20709,10383,0.6730793783907937
20701,15587,0.566059938414271
20728,10685,0.6738819213387834
20729,11715,0.6514834366598949
20707,9200,0.7070084723630431
20708,9675,0.6823348558511858
20717,9848,0.6935697063080867
20696,12297,0.6130843835978987
20695,16390,0.5521367017763302
20715,8269,0.7620459213279064
20727,13984,0.5841410184642759
20702,13679,0.5963771217809991
20722,10770,0.6504691003921337
20712,8204,0.7411401470465595
20699,12544,0.6140316262092482
20697,13024,0.6037810133402852
20693,16749,0.5549054512397538
20706,8445,0.7455132046597723
20694,14851,0.5875255331450329
20689,7923,0.5816697732217736
20713,8703,0.7308249982708697
13243,93125,0.35624627278767856
13245,121503,0.31665126816687994
13244,89422,0.3674891515420813
13246,108966,0.3594829173606999
13247,100340,0.3356085396950659
38011,58471,0.3747648295751806
38014,52590,0.3950225562179317
38009,65228,0.3630047668133606
38013,54906,0.37183463832946445
38016,83365,0.31398618318325583
38012,59335,0.3709898577518243
38015,49299,0.38991449829224484
38008,29282,0.3612294448987969
38010,64449,0.36349607636169057
41400,274056,0.271884842880568
41401,193053,0.2581825876221024
41399,54118,0.27146435498199434
37077,36337,0.4367728432415728
37079,37050,0.45170661719060895
37088,18103,0.5600119935664919
37086,31974,0.4623749403878675
37084,32583,0.46946514232714837
37076,31918,0.458909170397283
37087,36197,0.4385248836863852
37085,36223,0.4421123599528497
37080,27813,0.4715097749004314
37073,16339,0.48635271055943663
37074,28266,0.4860175990197121
37090,10079,0.5567727220934695
37083,29288,0.47780377578658517
37078,31693,0.46394720215994345
37082,27300,0.4817199836943197
37089,19594,0.5350901504685841
37081,28999,0.472459857675236
37075,29390,0.47789361779145245
29560,158703,0.33096993728931834
29559,215629,0.3008051512675433
29561,80029,0.30429371327142274
29558,83512,0.3179690428123441
37826,92710,0.26788667757973594
37825,105472,0.2991068230070662
37821,25678,0.31144745418841757
37822,69041,0.32326930874094295
37824,139078,0.2561937089636381
37823,85741,0.3057552841116269
28836,94990,0.15617531150221808
28837,489496,0.16825469364665757
31326,11626,0.6216879751410621
31358,8667,0.6657789897139575
31378,6573,0.681306811993506
31336,8249,0.6710423471843092
31325,12355,0.5939797156489832
31342,7859,0.6696358171889744
31332,9144,0.6450778287761885
31379,6733,0.7168103239829405
31361,6804,0.7054291661306227
31356,9157,0.6456244440733417
31363,6077,0.7197462013647454
31335,8846,0.6342526520930531
31360,6818,0.6634908792373616
31327,12067,0.6129757237307605
31380,7311,0.7174179840135546
31362,6461,0.7123531898031528
31339,8224,0.6975629870227914
31367,6335,0.7284984164665779
31346,9014,0.6631984320025093
31328,8961,0.6843869655601175
31377,6917,0.7037699797378902
31353,9088,0.6420271955083772
31354,8378,0.6541125032622392
31348,10772,0.6182353204797966
31382,7041,0.7138153450352624
31372,5899,0.7124684463539
31324,11949,0.6078185174784078
31323,10892,0.6434460540376318
31338,8070,0.6618159256067975
31383,7219,0.7285546176782827
31344,9495,0.6492923413093333
31352,8694,0.6675227954683591
31333,8971,0.6659430817865913
31369,5683,0.7471433567689307
31340,8382,0.6764798640786129
31368,6094,0.7275092183134502
31384,3562,0.7161756838222633
31322,7928,0.6566277030189994
31355,8074,0.6704703144832902
31350,9706,0.6252518042455936
31349,11011,0.6262040827246689
31334,8759,0.6427425563843905
31374,5991,0.7672561833291802
31365,6506,0.7324863542120739
31337,8343,0.6590829586075365
31373,6085,0.7592213268552178
31376,6657,0.6824357876649693
31345,9991,0.6158589935055436
31371,5667,0.7593914447894695
31343,8238,0.6740007704601036
31347,9464,0.6478245612282834
31370,5738,0.7323284563808592
31366,6158,0.7140773244261277
31381,7530,0.703005485295728
31359,8895,0.651600120438803
31329,9017,0.6258769877388535
31364,6427,0.7534130655074351
31375,6139,0.7730199681060057
31351,10200,0.6241619390638066
31330,8263,0.6526777849719043
31357,9554,0.6418171659185856
31331,8853,0.6559656950461961
31341,8588,0.6523581365535395
37904,116739,0.27171240727139595
37902,54575,0.324624221103935
37903,340738,0.24592329068027444
43543,11257,0.43990122593572567
43549,34216,0.4592042223570204
43552,55610,0.38032697538986343
43548,36992,0.4646487015059592
43551,31712,0.4868583216741353
43554,49114,0.405166852292469
43553,46893,0.40603089847360396
43556,5860,0.4236060509073656
43544,45754,0.4150008993368066
43550,33042,0.46701974402335833
43545,40871,0.430961615417781
43555,41931,0.41743014196177913
43547,36642,0.45550737708723826
43546,41679,0.4274318028455738
42685,52950,0.38760701488321686
42691,10731,0.36328467789433155
42687,45486,0.41079193542651116
42690,85174,0.351803526032668
42686,49282,0.39341334638662523
42689,94767,0.3511265612913533
42688,111613,0.33206184179400006
42684,55252,0.3808172955414773
42683,3058,0.41173799812280737
39220,85442,0.3055068429001019
39217,77150,0.3225781590917026
39216,12347,0.3364673526314643
39221,82063,0.319866228064226
39223,26946,0.3129686453132037
39222,82443,0.3089155259616515
39219,77069,0.327135570792973
39218,71312,0.32678825101819603
41720,190802,0.2592100800387967
41721,309977,0.25960243181691356
41722,17338,0.27256456070021684
43332,70506,0.34609017393660685
43338,52842,0.3934264913621851
43334,61891,0.37825826795550976
43330,11979,0.3900315086126317
43333,66796,0.363137575004567
43337,56280,0.38423145691655514
43336,62371,0.37475953791558414
43335,58900,0.38788121827492766
43331,64473,0.35271424665275664
43339,12621,0.39501197642476826
30020,18453,0.5867374158145842
30011,36870,0.48374919187411985
30004,5160,0.4808173716081716
30024,4211,0.5545232895524661
30005,26041,0.5234123526321126
30009,31398,0.48278531528719676
30017,18943,0.6006695469070846
30015,32254,0.48743686946653086
30019,19813,0.5796735901017989
30018,21165,0.5759338560874312
30010,35388,0.4761338129549401
30023,18431,0.5939187691798079
30008,32872,0.4852425759279023
30021,17360,0.5900780447435202
30013,30314,0.4981401652245314
30016,19946,0.5762169445084232
30022,19614,0.5814314935737818
30012,31229,0.49717155273937036
30014,33839,0.49249005794716383
30007,28138,0.5133705441222033
30006,28778,0.5004304067012436
30582,129591,0.3267704205674644
30581,111296,0.36604394258197065
30584,131491,0.31656440566559113
30583,130179,0.32931896694740725
14421,134918,0.3553239055075251
14423,50350,0.36888564990361755
14420,138251,0.3475945280240491
14422,143508,0.34744368742821874
14419,50902,0.36160945622616925
28865,289919,0.17050644963069825
28864,308847,0.16845859339780286
41583,196888,0.2623025458207966
41584,332983,0.24558391740982113
30300,246375,0.2907834052238142
30301,69993,0.29581911480768996
30299,206659,0.3084424776274124
32187,35221,0.4584866826804188
32191,37071,0.4473498321334744
32188,40620,0.4479459258120952
32190,35747,0.45277595944673493
32182,46526,0.41914833764734194
32184,40472,0.459084744790318
32185,40445,0.45202222193491826
32181,40719,0.40443771953809254
32183,48393,0.4072322096632023
32186,35969,0.4558544712401456
32189,42067,0.42692200934528807
32192,65440,0.3538081781716202
30234,233963,0.29279543515559747
30235,298609,0.28015518756933566
41531,234505,0.2539337487599656
41532,194801,0.2667736194717754
41530,75919,0.2630393076521214
42349,114631,0.2566575132567808
42351,145594,0.26738616873033827
42350,296901,0.29602654358963615
29361,77669,0.32894802927786004
29362,49243,0.38645394911172015
29368,23074,0.4281756917769757
29367,68275,0.34267733612577633
29366,65341,0.3486011234331945
29365,83145,0.32211120083000344
29364,84333,0.3245618124828525
29363,56309,0.37046029096636285
29138,177152,0.27568447464461365
29139,238702,0.27703032459912197
29140,111882,0.2754860954689584
32065,121155,0.2523277618283872
32064,357342,0.26367150094444813
32063,40757,0.36385114553817866
29834,146925,0.2814347996607944
29833,206545,0.30167313689040215
29832,162100,0.2932255138539686
42161,470553,0.2747435436825378
42162,41582,0.27355789505784395
29225,162389,0.24447501846583136
29227,155936,0.25832536569927916
29226,190071,0.27701083504723323
42843,169105,0.22486681209196668
42844,361943,0.21055227848087726
41362,108660,0.33102663072058813
41363,118820,0.324968233335648
41359,9920,0.31437470843805587
41361,96712,0.34410451788429075
41364,84174,0.3470265640134129
41360,90822,0.3497979899938395
42268,17344,0.27409764050186936
42270,257097,0.2593621635576005
42269,257333,0.2774805738938432
29041,129648,0.2945591845425416
29040,70906,0.28681785257816544
29044,7670,0.3110554585114496
29043,156395,0.29850884537137623
29042,157475,0.2928821990879487
43018,271245,0.2528353566605943
43019,238994,0.28343038021624856
42203,241826,0.33154131168427153
42204,196316,0.33567069104944497
42205,82890,0.42537286890033305
42499,98180,0.4996530751579055
42501,153374,0.3984535333281829
42502,64082,0.40439818267629524
42498,56355,0.5146661757070985
42500,132659,0.42353185107995517
43078,144646,0.31314163920213767
43080,200836,0.2733405367653168
43079,160994,0.31557452627204974
30633,146386,0.29727517094488193
30632,207903,0.30696416172580526
30631,160660,0.2625630036317643
29866,306350,0.27792675625199903
29867,239942,0.2709030832450243
28767,540200,0.20182616094110084
42429,155158,0.27564989182377636
42430,362655,0.2865201834018866
42232,320318,0.30188254449794377
42233,183566,0.28859738227701565
42183,78620,0.26497122523468974
42182,445968,0.2645288859523396
29075,277001,0.22733044870575805
29076,272396,0.24883971180805167
29178,79332,0.3082302200886877
29176,52023,0.26356371405992923
29177,405079,0.2903036703052022
41469,471871,0.2480964873858564
41470,34274,0.23902571783739576
29275,458713,0.20039180217645508
29276,198231,0.22939407882370808
31791,45855,0.4069542277740418
31788,46954,0.39832167174058086
31789,51395,0.3828049510448548
31790,43526,0.41313124504373167
31784,41171,0.4057132390040811
31785,41535,0.415084107895432
31787,40785,0.42658405468431254
31781,45298,0.3680370008514498
31792,38738,0.34961613893024784
31786,39219,0.40912196126249945
31783,57600,0.36536410807015524
31782,54165,0.3760608478674605
42868,403577,0.2476609804037101
42869,101417,0.22376831601594002
42482,125901,0.24244836778850132
42484,91718,0.3413360884005028
42483,397774,0.23734907603338345
65,2980,1.0301798073719046
77,3017,1.026299852562157
188,2819,1.0920640673264264
94,2957,1.0767830607124265
149,2547,1.130946981159249
25,2496,1.116549907088968
124,2533,1.1714982515298638
181,2800,1.2008382425816846
58,2601,1.1759713532886278
56,2656,1.1496990609464284
150,2635,1.1299547991076222
79,3045,1.0655306787504613
103,2584,1.0909493342928775
41,2694,1.1375415489211644
33,2696,1.1594725876001188
96,2384,1.218878871868262
106,2821,1.0632339832901385
177,2615,1.1476609651463066
179,2750,1.1214040759855683
132,2480,1.0680611270402376
156,2675,1.098979535861116
141,2595,1.1828088616493388
166,2622,1.1303966419817006
154,2524,1.1161283639481967
162,2502,1.1531070484698922
176,2754,1.103611196691017
175,2697,1.1113423294069453
36,2762,1.0971584596500932
78,2833,1.1756978088168435
18,2656,1.0719600842633177
137,2474,1.2296656788905402
173,2638,1.1136379500248859
194,1222,1.289354913823331
21,2772,1.111815839104091
122,2606,1.1065392693815697
81,3110,1.091959511228274
133,2552,1.1499216509831949
70,2758,1.0641076934933185
86,2808,1.032686788540556
60,2456,1.169777537518439
64,2818,1.0517582420180709
152,2497,1.0980199512867777
169,2595,1.0989073961812392
29,2606,1.0709015958278012
191,2834,1.1330158318749768
167,2596,1.1681019901380545
34,2777,1.0570864858032576
184,2752,1.1298984902819835
126,2844,1.0558247329774906
119,3021,1.0117397367592602
98,2315,1.1542969684064066
116,2866,1.11816999655012
95,3097,0.9827860049457319
72,2602,1.0967348807673574
87,3197,1.0338281236612985
27,2866,1.0949621601547925
63,2613,1.165186747038025
51,2762,1.1224205840551558
17,2849,1.1094313736230441
5,2828,1.168525746561895
120,2194,1.253371117092876
85,3333,1.0645094885839734
111,2742,1.0944130665685328
67,2695,1.1413755326308965
131,2600,1.2495284354240552
61,2532,1.1096001723246842
160,2430,1.1198930049540967
55,2350,1.1755065197930104
74,2438,1.135328324716542
182,2809,1.0980111769187781
75,2693,1.1262246315735893
172,2698,1.1535685890234728
38,2824,1.0816181066479724
97,2496,1.2089581898743074
73,2839,1.098750810955038
117,3211,1.0500699588973532
189,2964,1.0665522271295298
40,2788,1.088375609867046
19,2725,1.1021717143063445
112,2644,1.1419276525996314
22,2731,1.1056690407105614
130,2760,1.099720403605856
50,2707,1.1291145128549422
110,2935,1.1176048165746815
32,2758,1.1109172380135062
84,3126,1.0223836053506132
187,2706,1.1158290883235307
71,3057,1.0827419730503287
143,2563,1.164336752552211
6,2689,1.1400962665494614
158,2662,1.1512183057362688
52,2747,1.0667394374669992
146,2567,1.1409811963667198
170,2626,1.0585718762563214
153,2574,1.1687140930568956
128,2551,1.1218685864391218
168,2559,1.2205937889072769
100,2845,1.099180336858348
105,2705,1.1488604559970959
192,2598,1.121803275527112
66,2679,1.1134818101388435
134,2616,1.176624278631602
92,3044,1.0652558821310996
140,2578,1.191570868491059
69,2910,1.1014232519635894
82,2934,1.054509345565222
151,2537,1.1655091040300187
46,2690,1.1724961562274918
91,3125,1.03926412142396
45,2597,1.1166889000229576
26,2563,1.1149868710625435
54,2595,1.0801159427076987
190,2850,1.105161622267047
136,2746,1.1635633540579224
39,2691,1.1594531104289412
145,2541,1.1877568697829455
161,2581,1.1520676227685767
193,2723,1.1903696314279266
68,2699,1.1068036015776486
9,2669,1.120588529732865
88,3184,1.0606988682820693
138,2584,1.1163123500901246
114,2268,1.1803787813850461
1,2651,1.078650680605767
115,2580,1.1398065459104951
104,2685,1.0907051782720638
10,2762,1.1363710286703768
89,3031,1.0338676449662172
108,2660,1.1077521429986903
127,3293,1.0706562826296193
3,2795,1.0971416719053955
37,2775,1.0452800905672182
12,2801,1.0973580962317413
62,2554,1.1387915263102757
186,2735,1.1109368356350242
171,2628,1.0533718632898625
11,2653,1.132275974261529
35,2727,1.1103333535628122
2,2592,1.0893605244698863
164,2593,1.1039211661112358
102,2825,1.054894477208082
163,2655,1.116398940457772
118,2795,1.0672707789385774
13,2927,1.0626005303422388
14,2677,1.1606879083040396
135,2619,1.123011796835098
59,2567,1.151458623967877
15,2639,1.0763930488292826
165,2676,1.0938507585798116
180,2705,1.1162756895918484
30,2622,1.1234909177679662
42,2408,1.130986353383947
90,3064,1.077066987185786
23,2635,1.0843088556094436
121,2506,1.1669969401380467
109,2567,1.096431977849575
93,3062,1.0505909975011494
147,2615,1.2342117486358968
47,2584,1.179720972670523
24,2757,1.120799582703614
0,2619,1.1207506376725889
113,2569,1.1447339232507612
155,2513,1.1958696597220522
7,2793,1.0995482011139255
57,2620,1.0962279695577042
144,2597,1.2195620315861206
43,2611,1.1197415291057269
31,2640,1.0806929714920905
157,2736,1.0321689719121248
107,2884,1.0932325001829981
178,2758,1.1134652237683398
174,2708,1.1546838630051193
139,2574,1.162778851080827
28,2690,1.1253295950794178
185,2775,1.1390533093718689
48,2821,1.0942878414635338
142,2559,1.134846069652115
44,2727,1.0955180541144984
123,2634,1.1625584908944855
101,2934,1.0962872732347537
83,2939,1.0743774730080449
8,2660,1.2388998128371735
49,2850,1.115043602894222
80,2924,1.0881980557431514
76,2821,1.1026487854399827
4,2818,1.2009623483491547
125,3076,1.0703381373502017
129,2624,1.1657033334663445
159,2881,1.0945368874628678
20,2826,1.0336926990802329
99,2642,1.1462624907925083
183,2843,1.0926248407664068
16,2822,1.1230322026381518
53,2429,1.1757802771746655
148,2660,1.1244421705020162
26227,3289,0.8675318068506951
26147,3631,0.8419249358621765
26180,3738,0.8752130008887341
26170,3439,0.8953534077270195
26116,4054,0.8562195665378296
26181,3777,0.8385234392109967
26128,3869,0.8337620213966213
26112,4417,0.8374521831213791
26198,3721,0.7702766578378056
26138,3798,0.846900546089333
26153,3631,0.8668744981617411
26233,3343,0.8844772510813728
26173,3659,0.8722568809640517
26194,3849,0.7865339186622922
26225,3299,0.8576887055286164
26212,3554,0.8756048552162842
26121,4233,0.8567439534322523
26130,3960,0.8173226340176527
26134,4183,0.8398950169314642
26186,3548,0.8940370312663437
26191,3512,0.826317569772892
26163,3628,0.8970124363164522
26129,3935,0.8739518122394342
26164,3830,0.8659302052015273
26239,3173,0.9021510391617734
26238,3179,0.8503560496988533
26119,4091,0.8466528920581443
26242,3585,0.8356838696898022
26144,3816,0.8640915750049912
26232,3197,0.8596301433339698
26171,3546,0.8881144374307897
26110,3404,0.8421872668253572
26118,4343,0.8503881030754878
26168,3719,0.8526987456255608
26235,3391,0.8650944325312793
26223,3591,0.9072837491465988
26220,3443,0.837098000335355
26172,3634,0.8675413667149413
26157,3569,0.8434951065058033
26160,3914,0.8983039042870192
26206,3504,0.8328631084827974
26167,3979,0.8441961130928511
26151,4041,0.870073121133921
26219,3464,0.855639355125125
26196,3694,0.7994791974725761
26222,3521,0.8931987537704696
26132,3883,0.8388789896370287
26162,3745,0.8686520470420084
26175,3618,0.8389081856140471
26210,3782,0.8567066867033171
26158,3449,0.8789867510823935
26166,3695,0.8229535657239665
26148,4092,0.8775880510717144
26245,3448,0.835940136675071
26228,3330,0.8561583968778362
26103,1544,0.8638068216461885
26156,3563,0.8548296333949116
26185,3698,0.8067908113991519
26193,3899,0.8200051583485289
26204,3581,0.8607760980551232
26231,3246,0.8908286723092979
26229,3302,0.83740217589855
26248,2813,0.8182054692550783
26105,3585,0.8773209904045227
26237,3167,0.8474222189768138
26135,3841,0.8747530520081725
26124,4178,0.8213645939011094
26179,3662,0.8212305085886842
26226,3373,0.8433509307331851
26120,4196,0.7785803847516953
26192,3765,0.8524092568197168
26208,3645,0.8607751474096191
26123,4086,0.8828208168204077
26159,3565,0.840341374329566
26127,4094,0.9213998385436464
26202,3487,0.855333933136302
26236,3053,0.8941463197829136
26169,3819,0.9068273547283545
26122,4113,0.869455399944245
26218,3611,0.8556529008786181
26176,3880,0.8355435302750597
26195,3739,0.8278670548139119
26137,3872,0.8934873338940126
26140,3950,0.8549903712111298
26183,3713,0.7887265662646872
26152,3653,0.8785889221396356
26209,3696,0.8385753734820394
26108,3452,0.8580683596300358
26217,3624,0.8745687562153084
26213,3472,0.7950813300544377
26216,3657,0.9012100470313125
26188,3570,0.8810220563802779
26131,3857,0.8842872812139732
26178,3879,0.8345602789178997
26106,3638,0.809025391453323
26199,3515,0.835777891272833
26154,3649,0.8771688242231278
26211,3546,0.795576716453137
26207,3607,0.8569015620496769
26205,3521,0.8334554336441167
26141,3749,0.8547013809082493
26111,3641,0.8279745462502657
26240,3621,0.8000998053223616
26143,3607,0.8643052052601525
26244,3543,0.9051866444376466
26189,3944,0.8835551091151364
26107,3601,0.935368243148956
26203,3617,0.8347934312758489
26200,3602,0.8368473055155689
26125,4363,0.8490403001101138
26133,3939,0.8598859141214628
26246,3602,0.7851123091747024
26177,3749,0.7729300925943842
26109,3626,0.8667765176279969
26113,4307,0.8826286221485494
26221,3307,0.9187374663265476
26230,3315,0.8587515359893483
26117,4044,0.7844331217802942
26215,3343,0.8742811739551449
26145,4006,0.858583991483051
26174,3716,0.8971124773354794
26142,3723,0.890227205508073
26155,3634,0.8439014774531866
26126,4146,0.8382103346503053
26234,3378,0.8413125092539065
26114,4305,0.8213706342103699
26187,3532,0.8695323912142257
26149,3937,0.8234535703968948
26146,3815,0.8101504742484125
26197,3697,0.8240473120350867
26161,3713,0.8479194299565936
26241,3600,0.8710868895181798
26184,3752,0.8659716651770843
26201,3466,0.8201046862832118
26224,3486,0.8807022861391102
26150,3957,0.8677149500866864
26115,4402,0.8252542739935907
26247,3467,0.8471258319770862
26104,3729,0.9152315768059175
26136,3864,0.862318701303116
26214,3322,0.854782796980029
26243,3574,0.8128688118532822
26182,3654,0.8213833144126683
26165,3919,0.88720936418522
26190,3380,0.833964154847184
26139,3843,0.8595256055709638
15928,14952,0.620773990764584
15944,20299,0.553599689751052
15926,16462,0.5895873624079588
15936,26354,0.500811121192775
15942,20628,0.542886541095499
15924,18633,0.5610629361461611
15935,12768,0.6154265387722477
15934,12917,0.6552732202269557
15921,18579,0.558597610039314
15919,13629,0.6266281022748763
15931,12797,0.6406477646697467
15927,15896,0.6054632372203593
15937,25430,0.5145960973057003
15929,14703,0.6042845162184339
15940,22111,0.5269209777100295
15920,19239,0.5636424935239176
15925,17692,0.5706282713179024
15917,2653,0.6395484514582567
15939,23366,0.5220159090657264
15943,19857,0.5568247644054554
15932,14363,0.6159666274183849
15946,11808,0.5653006852103266
15938,23788,0.531110029774745
15933,14273,0.611178063382295
15918,13464,0.625624993739118
15923,16997,0.5853157704080303
15945,20116,0.5540851064203992
15922,16671,0.5864040139045678
15930,13177,0.6281079057331864
15941,20613,0.5399387833768584
37494,28214,0.48778792578155983
37474,15713,0.5905326392120758
37489,25754,0.497934840921672
37486,18069,0.573832223162394
37475,17345,0.5726231655045012
37490,22558,0.5213180628304136
37477,20318,0.5423634641110217
37482,15349,0.5932841402704506
37488,22943,0.5365200141961669
37495,5496,0.4823600589893897
37481,16876,0.5801874410388408
37478,18852,0.5593902350635886
37487,19754,0.5514632312683829
37471,33495,0.4569151490295177
37480,15372,0.6014567109686627
37485,20301,0.560643521282809
37493,32494,0.45913030099988467
37472,15697,0.5829752118672266
37476,18826,0.5714225213573567
37473,17378,0.5746184742923521
37484,18409,0.5713289287924066
37479,20116,0.5623493968168048
37483,16597,0.585967741953734
37492,29060,0.47806229493683694
37491,25530,0.5127633215274335
37470,1893,0.49272507625632794
12888,39010,0.47609493441993317
12894,40563,0.46693791999428025
12886,17377,0.49679496166666914
12896,61922,0.4181038915559737
12897,63016,0.4218388020282802
12890,45591,0.45141981133876297
12898,29977,0.4045814019724733
12892,36241,0.47981233638690346
12893,34324,0.4851628440019241
12887,31688,0.5189971055652666
12891,43130,0.4585808885549222
12889,37790,0.47370787031844513
12895,39684,0.4598197579288362
23462,4452,0.9277303943918075
23456,4206,0.9548625725471891
23460,4208,0.9439170547261811
23445,5382,0.8318292199835305
23511,6079,0.6583906840011375
23420,9574,0.6373568152995697
23472,4318,0.9443779053693849
23439,4466,0.9058600350532662
23444,5357,0.8777914606337802
23455,4740,0.894593528526266
23423,10561,0.6288689593381812
23425,3995,0.931886667496502
23508,9249,0.684150574934149
23505,8571,0.7088495636013522
23463,4344,0.9779352888270263
23434,4019,0.8989533838896842
23443,4925,0.9130088277472046
23492,7013,0.8029513064271795
23474,4461,0.8991426144981532
23483,4740,0.9293288083793569
23426,3968,0.9537074290495516
23421,10928,0.6006410915112109
23453,4824,0.8850012948137321
23504,7963,0.6777079924027165
23424,3995,0.9784709232329974
23459,4289,0.9466153684921492
23485,4831,0.8938031917900017
23461,4252,0.9323424926036413
23507,7271,0.7512942014589491
23468,4497,0.9076520903928769
23475,4537,0.9186575234353024
23448,4673,0.8749020940911717
23457,4319,0.9474681679215474
23458,4211,0.947170989210345
23437,4501,0.9265197300129382
23479,4702,0.9261121689785247
23480,4767,0.8915296376548841
23466,4035,0.9763186458636471
23451,4722,0.9084723899866749
23476,4048,0.9614445783630291
23454,4670,0.8743805496280218
23450,4517,0.8838355519318712
23432,3994,0.9578832376031524
23429,4516,0.9351232542113015
23503,6555,0.8370363933477721
23481,4588,0.8633952251669138
23506,7798,0.7322280468616453
23464,3951,0.9411862641704843
23477,4397,0.9036956860786544
23436,4462,0.9005794219349841
23442,4516,0.8958080432956863
23497,5915,0.7972070551747898
23473,4178,0.9162188387337721
23493,7754,0.7678214149733259
23494,6109,0.7974485005320066
23428,4292,0.928949809461492
23438,4299,0.9042780535503979
23422,10080,0.6263544672317217
23465,4356,0.9281975919623464
23489,6606,0.8439458387476438
23427,4259,0.9009847263428864
23491,6317,0.8460667995071559
23467,4320,0.9238817193973827
23431,4477,0.939452060312061
23449,4926,0.9159005803660863
23470,4436,0.9039877332858334
23452,4763,0.9100726147430271
23509,10146,0.6465982776004715
23482,4765,0.9642483788622366
23495,7352,0.755388822296206
23430,4434,0.8858103092134102
23441,5468,0.8339995713841742
23488,5789,0.8190091049556518
23490,5843,0.8571028282795887
23510,8428,0.7152534217755628
23502,6031,0.8209958860531694
23418,6669,0.7233884472482088
23478,4294,0.9372387703751563
23499,5572,0.8520515368781265
23433,4362,0.9062202483185834
23419,9426,0.6576007886609384
23469,4600,0.9009774021308156
23435,4278,0.8938307346546671
23484,4651,0.9087296179872625
23447,5106,0.8796156152008108
23471,4453,0.9413374003959828
23486,5129,0.8805705476722485
23446,5250,0.9133083049065023
23440,4804,0.8852595947850954
23487,4763,0.8770249334642196
23496,5248,0.8285376866961329
23500,6209,0.8430271916486538
23498,5106,0.8851190807447555
23501,6693,0.7687939025816284
12319,13063,0.6598795575590637
12321,18033,0.6193717590087832
12340,15290,0.6334372981163882
12341,3637,0.6630114852275889
12339,16085,0.6109272715034177
12335,20968,0.5631705178250317
12338,17012,0.6154974243235719
12325,16561,0.5959137997336643
12332,19978,0.5944981676698344
12331,22357,0.5441967906371656
12324,17074,0.5923412855871877
12312,13183,0.6508910164021643
12314,14795,0.6290916042529401
12316,12534,0.6592239119727543
12334,21973,0.5704291719847746
12337,15543,0.6354921009654168
12313,12516,0.6739480416986541
12336,15938,0.6123250732301849
12317,12096,0.6719285269999962
12330,23407,0.5511098422487413
12328,21541,0.550157946472641
12327,17730,0.5891397500124236
12322,19926,0.5786023005409338
12315,13889,0.6298291435188591
12320,18334,0.5975817433710465
12333,19342,0.5905389097538989
12311,10515,0.6858727131403506
12326,18706,0.5905417674465663
12318,13880,0.6380936242648851
12323,19056,0.5877536297773046
12329,20883,0.576400937856196
1452,38096,0.4153911304975131
1443,37374,0.43051224772808777
1441,30521,0.41975224462973737
1446,43013,0.40636486644668857
1448,33949,0.4455163195229811
1450,34611,0.4457929615392674
1442,31789,0.45276788989126643
1444,43314,0.4033250333237874
1449,39830,0.4175817643235177
1454,2414,0.408436356616138
1447,46273,0.407287640537967
1451,39150,0.42728160718753916
1445,45101,0.42055519681291453
1453,46642,0.4037203363129126
41167,70833,0.36919561801000356
41164,61891,0.38195736622627674
41163,64330,0.38444831563715715
41162,57336,0.38007791623292714
41159,11446,0.3812654730295412
41165,67667,0.3697192933636203
41161,55850,0.38878575775951446
41160,52996,0.3849482033946714
41166,70746,0.35989813770081863
39860,61929,0.3323543956611358
39864,42743,0.3835741578987064
39863,61202,0.33558699164530426
39866,39623,0.39638662377943357
39867,43398,0.3920242053479442
39858,22342,0.3648226030748957
39865,47592,0.37054463389250586
39861,65419,0.32805953990071096
39862,59356,0.3358967248804047
39859,51826,0.35769274127211664
39868,13917,0.3452623797789472
47607,14531,0.5789381967850064
47613,15399,0.5711482548173972
47616,81057,0.3593796926866396
47618,87211,0.34630216093809296
47620,26934,0.32154176619412783
47606,14073,0.5645501906650306
47610,18107,0.541137554375146
47619,78498,0.34255055702067994
47611,16724,0.5434969519936343
47615,16184,0.5494713714051844
47605,10751,0.5794130923968556
47614,16926,0.5670490604792677
47617,75106,0.36018077580579355
47612,15315,0.5610159358602739
47608,17307,0.5353783500551894
47609,15229,0.5623321880873349
47270,58209,0.3933448567971113
47266,66199,0.38000869713502083
47265,58058,0.4000946386201005
47267,62369,0.39128920387010524
47271,52332,0.40393498883799495
47269,49145,0.4025178973724172
47272,70995,0.3798809574525892
47268,54886,0.3927140091822246
47264,42923,0.4039885080913528
29120,344898,0.26226891019593235
29119,113232,0.5054914324282048
29118,94366,0.4481351722858866
28796,612538,0.19335824049067749
32010,126999,0.3127331560680182
32011,109693,0.3318549360689461
32012,159801,0.29576055101776555
32009,121970,0.29753478425148405
30272,155274,0.3295004896948614
30271,118959,0.35433469108100263
30269,28311,0.38433897886797175
30270,225617,0.2707900626998675
47821,93457,0.30813641204230313
47822,127610,0.2890890567184084
47826,26888,0.33152085546754784
47825,71609,0.3325492841842934
47823,126837,0.28491886681503775
47824,72711,0.3439217978605621
42105,204034,0.24714709005669247
42107,18011,0.2668427941639181
42106,304916,0.2597265845351279
30217,403558,0.2708606810137276
30219,67916,0.37466294854448273
30218,83771,0.4941959579566908
29159,352783,0.27083993540125234
29160,207170,0.284681367855471
41932,66567,0.3183962095282199
41930,138224,0.3316132261973554
41931,141710,0.3182962112405654
41929,153911,0.3248777078796739
41928,9856,0.28128256032860355
41885,170873,0.30872937494143343
41886,133641,0.3094422680393432
41884,202031,0.2930080000566175
42770,241291,0.28872225637940996
42769,233098,0.31555391143637423
42768,53825,0.35516010272417015
14389,72701,0.23164602310259585
14388,398026,0.22803003959645762
14387,35173,0.2399884995862767
41854,203489,0.2932173891707931
41855,208873,0.2896100699137656
41856,7661,0.4317710904136744
41853,79479,0.2908810454070122
30499,244491,0.3020149704870144
30500,30411,0.2889553642418436
30498,235344,0.2962064505402439
41455,473372,0.2297674899438861
41456,37789,0.24767197454143677
